-- phpMyAdmin SQL Dump
-- version 5.2.1
-- https://www.phpmyadmin.net/
--
-- Host: 127.0.0.1
-- Generation Time: Feb 05, 2026 at 11:19 AM
-- Server version: 10.4.32-MariaDB
-- PHP Version: 8.0.30

SET SQL_MODE = "NO_AUTO_VALUE_ON_ZERO";
START TRANSACTION;
SET time_zone = "+00:00";


/*!40101 SET @OLD_CHARACTER_SET_CLIENT=@@CHARACTER_SET_CLIENT */;
/*!40101 SET @OLD_CHARACTER_SET_RESULTS=@@CHARACTER_SET_RESULTS */;
/*!40101 SET @OLD_COLLATION_CONNECTION=@@COLLATION_CONNECTION */;
/*!40101 SET NAMES utf8mb4 */;

--
-- Database: `govt_queue_db`
--

-- --------------------------------------------------------

--
-- Table structure for table `admin_users`
--

CREATE TABLE `admin_users` (
  `id` int(11) NOT NULL,
  `username` varchar(50) NOT NULL,
  `password` varchar(255) NOT NULL,
  `fullname` varchar(100) DEFAULT NULL,
  `created_at` datetime DEFAULT current_timestamp()
) ENGINE=InnoDB DEFAULT CHARSET=utf8mb4 COLLATE=utf8mb4_unicode_ci;

--
-- Dumping data for table `admin_users`
--

INSERT INTO `admin_users` (`id`, `username`, `password`, `fullname`, `created_at`) VALUES
(1, 'admin', '1234', 'ผู้ดูแลระบบสูงสุด', '2026-01-16 14:35:31');

-- --------------------------------------------------------

--
-- Table structure for table `case_roles`
--

CREATE TABLE `case_roles` (
  `id` int(11) NOT NULL,
  `name` varchar(255) NOT NULL,
  `badge_color` varchar(50) DEFAULT NULL,
  `is_active` tinyint(1) DEFAULT 1,
  `sort_order` int(11) DEFAULT 0
) ENGINE=InnoDB DEFAULT CHARSET=utf8mb4 COLLATE=utf8mb4_unicode_ci;

--
-- Dumping data for table `case_roles`
--

INSERT INTO `case_roles` (`id`, `name`, `badge_color`, `is_active`, `sort_order`) VALUES
(1, 'โจทก์', '#6366f1', 1, 1),
(2, 'จำเลย', '#e72289', 1, 2),
(3, 'ผู้รับจำนอง', '#3b82f6', 1, 3),
(4, 'อื่นๆ', '#0ea5e9', 1, 4);

-- --------------------------------------------------------

--
-- Table structure for table `counters`
--

CREATE TABLE `counters` (
  `id` int(11) NOT NULL,
  `number` varchar(10) NOT NULL,
  `name` varchar(100) NOT NULL,
  `department_id` int(11) NOT NULL,
  `is_active` tinyint(1) DEFAULT 1,
  `sort_order` int(11) DEFAULT 0
) ENGINE=InnoDB DEFAULT CHARSET=utf8mb4 COLLATE=utf8mb4_unicode_ci;

--
-- Dumping data for table `counters`
--

INSERT INTO `counters` (`id`, `number`, `name`, `department_id`, `is_active`, `sort_order`) VALUES
(6, '', 'ช่อง 10', 3, 0, 1),
(7, '', 'ช่อง 11', 3, 0, 2),
(8, '', 'ช่อง 12', 3, 0, 3),
(9, '', 'ช่อง 13', 3, 0, 4),
(10, '', 'ช่องการเงิน 1', 4, 0, 5),
(11, '', 'ช่อง 1', 1, 0, 6),
(12, '', 'ช่อง 2', 1, 0, 7),
(13, '', 'ช่อง 6', 4, 0, 8),
(14, '', 'ช่อง 7', 4, 0, 9),
(15, '', 'ช่อง 8', 4, 0, 10),
(16, '', 'งานด่วน', 5, 0, 11),
(17, '', 'A', 2, 0, 12),
(18, '', 'ช่อง 1', 1, 1, 13),
(19, '', 'ช่อง 2', 1, 1, 14),
(20, '', 'เวรสั่งชั้นยึดทรัพย์ ช่อง 9-11', 3, 1, 15),
(21, '', 'ช่อง 11', 3, 0, 16),
(22, '', 'เวรสั่งชั้นอายัด ช่อง 12-13', 3, 1, 17),
(23, '', 'ช่อง 13', 3, 0, 18),
(24, '', 'ช่อง 6', 4, 1, 19),
(25, '', 'ช่อง 7', 4, 1, 20),
(26, '', 'ช่อง 8', 4, 1, 21),
(27, 'asdasdasd', 'asdasdasd', 12, 0, 22);

-- --------------------------------------------------------

--
-- Table structure for table `departments`
--

CREATE TABLE `departments` (
  `id` int(11) NOT NULL,
  `name` varchar(255) NOT NULL,
  `code` varchar(50) DEFAULT NULL,
  `status_message` varchar(255) DEFAULT NULL,
  `is_active` tinyint(1) DEFAULT 1,
  `sort_order` int(11) DEFAULT 0
) ENGINE=InnoDB DEFAULT CHARSET=utf8mb4 COLLATE=utf8mb4_unicode_ci;

--
-- Dumping data for table `departments`
--

INSERT INTO `departments` (`id`, `name`, `code`, `status_message`, `is_active`, `sort_order`) VALUES
(1, 'งานลงรับเอกสาร', 'RECEPTION', 'รอลงรับเอกสารคำร้อง', 1, 1),
(2, 'งานห้องเก็บสำนวน', 'FILE_ROOM', 'เจ้าหน้าที่ห้องเก็บกำลังดำเนินการค้นหาสำนวน', 1, 2),
(3, 'งานนิติกรเวรสั่ง', 'LAWYER', 'เจ้าหน้าที่เวรสั่งกำลังพิจารณาคำร้องของท่าน', 1, 3),
(4, 'งานการเงิน', 'FINANCE', 'รอเรียกรับบริการที่ช่อง 6 , 7 , 8', 1, 4),
(5, 'งานบัญชี', 'ACCOUNT', NULL, 1, 5),
(9, 'งานไกล่เกลี่ย', 'CONCILIATE', NULL, 1, 6),
(10, 'A', 'A', NULL, 0, 7),
(11, '\'', '\'', NULL, 0, 8),
(12, 'ฟหก', 'ฟหก', NULL, 0, 9);

-- --------------------------------------------------------

--
-- Table structure for table `display_configs`
--

CREATE TABLE `display_configs` (
  `id` int(11) NOT NULL,
  `name` varchar(255) NOT NULL,
  `slug` varchar(100) DEFAULT NULL,
  `config` longtext CHARACTER SET utf8mb4 COLLATE utf8mb4_bin DEFAULT NULL CHECK (json_valid(`config`)),
  `is_active` tinyint(1) DEFAULT 1,
  `created_at` timestamp NOT NULL DEFAULT current_timestamp(),
  `updated_at` timestamp NOT NULL DEFAULT current_timestamp() ON UPDATE current_timestamp()
) ENGINE=InnoDB DEFAULT CHARSET=utf8mb4 COLLATE=utf8mb4_unicode_ci;

--
-- Dumping data for table `display_configs`
--

INSERT INTO `display_configs` (`id`, `name`, `slug`, `config`, `is_active`, `created_at`, `updated_at`) VALUES
(5, 'สถานะคิวทั้งหมดที่อยู่ระหว่างค้นหาสำนวน', '99', '{\"marquee_text\":\"สำนักงานบังคับคดีจังหวัดนนทบุรี\",\"sections\":[{\"id\":\"23c835c9-2c3f-42ed-a5f2-271a52575e08\",\"title\":\"อยู่ระหว่างค้นหาสำนวน\",\"department_ids\":[2],\"statuses\":[\"WAITING\"],\"col_span\":12,\"type\":\"grid-list\"}],\"items_per_page\":16,\"page_interval\":10,\"max_columns\":4}', 1, '2026-02-03 11:44:18', '2026-02-05 09:43:14');

-- --------------------------------------------------------

--
-- Table structure for table `personnel`
--

CREATE TABLE `personnel` (
  `id` int(11) NOT NULL,
  `fullname` varchar(255) NOT NULL,
  `nickname` varchar(100) DEFAULT NULL,
  `username` varchar(50) DEFAULT NULL,
  `password` varchar(255) DEFAULT NULL,
  `role` enum('admin','staff') DEFAULT 'staff',
  `is_active` tinyint(1) DEFAULT 1,
  `created_at` datetime DEFAULT current_timestamp()
) ENGINE=InnoDB DEFAULT CHARSET=utf8mb4 COLLATE=utf8mb4_unicode_ci;

--
-- Dumping data for table `personnel`
--

INSERT INTO `personnel` (`id`, `fullname`, `nickname`, `username`, `password`, `role`, `is_active`, `created_at`) VALUES
(2, 'นางสาวสวย จริงใจ', 'น้องสวย', 'นางสาวสวย2', '$2b$10$J62KtJu5geUmoYwSH91RCe6pSMfwhtpmTJJ8P8bCT6C/Bau4anrKi', 'staff', 0, '2026-01-16 11:39:35'),
(4, 'ณัฎฐกิตติ์ ชัมภูชนะ', 'โอ๊ต', 'asdasd', '$2b$10$HGKtEo9ZMay/jl7x8vU4HO0dvTNWuUP61NNUYa2NjP21euwb8RqFu', 'admin', 1, '2026-01-16 14:22:46'),
(5, 'เนตรนภา', 'อ้อม', 'เนตรนภา', '$2b$10$jytENQ7Ra85/iGntbIWqZ.7gFiLTvma3HlKUktc7Evck0tqlTC6Fa', NULL, 0, '2026-01-16 17:15:41'),
(9, 'สมชาย ใจดี', 'ลุงสม', 'somchai', '$2b$10$KSiwcTflqSM4KFHeqWi8cugR8BtJGA5r44XGLYGucgkgTNfR/BjVe', NULL, 1, '2026-02-05 16:07:12');

-- --------------------------------------------------------

--
-- Table structure for table `queues`
--

CREATE TABLE `queues` (
  `id` bigint(20) NOT NULL,
  `queue_number` varchar(20) NOT NULL,
  `type_id` int(11) DEFAULT NULL,
  `role_id` int(11) DEFAULT NULL,
  `current_department_id` int(11) DEFAULT NULL,
  `current_counter_id` int(11) DEFAULT NULL,
  `status` enum('WAITING','IN_PROGRESS','PROCESSING','COMPLETED','CANCELLED') DEFAULT 'WAITING',
  `created_at` datetime DEFAULT current_timestamp(),
  `updated_at` datetime DEFAULT current_timestamp() ON UPDATE current_timestamp()
) ENGINE=InnoDB DEFAULT CHARSET=utf8mb4 COLLATE=utf8mb4_unicode_ci;

--
-- Dumping data for table `queues`
--

INSERT INTO `queues` (`id`, `queue_number`, `type_id`, `role_id`, `current_department_id`, `current_counter_id`, `status`, `created_at`, `updated_at`) VALUES
(1, 'A001', 1, 1, 3, NULL, 'CANCELLED', '2026-01-16 11:27:31', '2026-01-17 09:41:01'),
(2, 'A002', 1, 2, 2, NULL, 'COMPLETED', '2026-01-16 11:46:21', '2026-01-17 09:40:42'),
(3, 'A003', 1, 1, 4, NULL, 'CANCELLED', '2026-01-16 11:59:17', '2026-01-16 16:21:50'),
(4, 'B001', 2, 2, 2, NULL, 'CANCELLED', '2026-01-16 11:59:29', '2026-01-16 17:03:43'),
(5, 'A004', 1, NULL, 1, NULL, 'COMPLETED', '2026-01-16 14:53:43', '2026-01-16 16:21:59'),
(6, 'A005', 1, 1, 3, NULL, 'COMPLETED', '2026-01-16 14:54:19', '2026-01-16 17:04:09'),
(7, 'A006', 1, NULL, 2, NULL, 'COMPLETED', '2026-01-16 14:55:27', '2026-01-16 16:18:24'),
(8, 'B002', 2, NULL, 1, NULL, 'CANCELLED', '2026-01-16 14:55:32', '2026-01-16 16:30:23'),
(9, 'A007', 1, NULL, 1, NULL, 'COMPLETED', '2026-01-16 15:01:14', '2026-01-16 16:30:21'),
(10, 'A008', 1, NULL, 1, NULL, 'CANCELLED', '2026-01-16 15:01:19', '2026-01-16 16:22:01'),
(11, 'A009', 1, NULL, 1, NULL, 'CANCELLED', '2026-01-16 15:13:01', '2026-01-16 16:30:19'),
(12, 'A010', 1, 1, 2, NULL, 'CANCELLED', '2026-01-16 15:20:14', '2026-01-16 17:03:43'),
(13, 'A011', 1, 1, 2, NULL, 'COMPLETED', '2026-01-16 15:26:46', '2026-01-16 17:03:35'),
(14, 'B003', 2, 2, 2, NULL, 'COMPLETED', '2026-01-16 15:26:51', '2026-01-16 17:03:35'),
(15, 'A012', 1, 1, 1, NULL, 'CANCELLED', '2026-01-16 15:45:55', '2026-01-17 09:41:13'),
(16, 'A013', 1, 1, 1, NULL, 'CANCELLED', '2026-01-16 15:55:39', '2026-01-17 08:46:59'),
(17, 'A014', 1, 1, 1, NULL, 'CANCELLED', '2026-01-16 16:30:59', '2026-01-17 08:46:59'),
(18, 'A015', 1, 1, 3, NULL, 'CANCELLED', '2026-01-16 17:11:37', '2026-01-17 09:40:50'),
(19, 'A016', 1, 1, 1, NULL, 'CANCELLED', '2026-01-16 17:18:10', '2026-01-17 08:46:59'),
(20, 'B004', 2, 1, 1, NULL, 'CANCELLED', '2026-01-16 17:22:21', '2026-01-17 08:46:59'),
(21, 'A017', 1, 2, 1, NULL, 'CANCELLED', '2026-01-16 17:24:54', '2026-01-17 08:47:02'),
(22, 'A018', 1, 1, 1, NULL, 'CANCELLED', '2026-01-16 17:25:00', '2026-01-17 08:46:59'),
(23, 'A019', 1, 1, 1, NULL, 'CANCELLED', '2026-01-16 17:29:31', '2026-01-17 08:46:59'),
(24, 'A020', 1, 1, 1, NULL, 'CANCELLED', '2026-01-16 17:35:24', '2026-01-17 08:46:59'),
(25, 'B005', 2, 1, 1, NULL, 'CANCELLED', '2026-01-16 17:39:34', '2026-01-17 08:46:59'),
(26, 'E001', 7, 1, 1, NULL, 'CANCELLED', '2026-01-16 17:40:18', '2026-01-17 08:46:59'),
(27, 'A021', 1, 1, 1, NULL, 'CANCELLED', '2026-01-16 17:43:02', '2026-01-17 08:46:59'),
(28, 'B006', 2, 1, 1, NULL, 'CANCELLED', '2026-01-16 17:45:14', '2026-01-17 08:46:59'),
(29, 'E002', 7, 1, 1, NULL, 'CANCELLED', '2026-01-16 17:50:37', '2026-01-17 08:46:59'),
(30, 'A022', 1, 1, 1, NULL, 'CANCELLED', '2026-01-16 17:53:17', '2026-01-17 08:46:59'),
(31, 'B007', 2, 1, 1, NULL, 'CANCELLED', '2026-01-16 17:53:45', '2026-01-17 08:46:59'),
(32, 'B008', 2, 1, 1, NULL, 'CANCELLED', '2026-01-16 17:55:47', '2026-01-17 08:46:59'),
(33, 'B009', 2, 2, 1, NULL, 'CANCELLED', '2026-01-16 17:58:03', '2026-01-17 08:46:59'),
(34, 'B010', 2, 1, 1, NULL, 'CANCELLED', '2026-01-16 17:58:35', '2026-01-17 08:46:59'),
(35, 'B011', 2, 1, 1, NULL, 'CANCELLED', '2026-01-16 17:59:50', '2026-01-17 08:46:59'),
(36, 'A023', 1, 2, 1, NULL, 'CANCELLED', '2026-01-16 18:00:58', '2026-01-17 08:46:59'),
(37, 'B012', 2, 1, 1, NULL, 'CANCELLED', '2026-01-16 18:01:36', '2026-01-17 08:46:59'),
(38, 'B013', 2, 1, 1, NULL, 'CANCELLED', '2026-01-16 18:17:42', '2026-01-17 08:46:59'),
(39, 'B014', 2, 2, 1, NULL, 'CANCELLED', '2026-01-16 18:19:02', '2026-01-17 08:46:59'),
(40, 'B015', 2, 2, 1, NULL, 'CANCELLED', '2026-01-16 18:20:06', '2026-01-17 08:46:59'),
(41, 'B016', 2, 1, 1, NULL, 'CANCELLED', '2026-01-16 18:22:42', '2026-01-17 08:46:59'),
(42, 'B001', 2, 1, 1, NULL, 'CANCELLED', '2026-01-17 08:46:01', '2026-01-17 09:41:13'),
(43, 'A001', 1, 3, 1, 18, 'COMPLETED', '2026-01-17 10:49:49', '2026-01-17 17:31:31'),
(44, 'E001', 7, 2, 3, 20, 'CANCELLED', '2026-01-17 10:49:58', '2026-01-20 16:34:05'),
(45, 'B002', 2, 1, 1, 18, 'CANCELLED', '2026-01-17 10:50:14', '2026-01-17 16:42:17'),
(46, 'A002', 1, 4, 1, 18, 'COMPLETED', '2026-01-17 10:59:33', '2026-01-17 17:31:31'),
(48, 'A003', 1, 1, 5, NULL, 'COMPLETED', '2026-01-17 11:15:37', '2026-01-17 12:24:19'),
(49, 'E002', 7, 1, 4, NULL, 'COMPLETED', '2026-01-17 11:15:48', '2026-01-17 11:25:23'),
(50, 'E003', 7, 1, 3, 20, 'CANCELLED', '2026-01-17 11:57:58', '2026-01-20 16:34:05'),
(51, 'A004', 1, 1, 1, 19, 'COMPLETED', '2026-01-17 12:03:59', '2026-01-17 16:42:16'),
(52, 'B003', 2, 1, 1, NULL, 'CANCELLED', '2026-01-17 12:04:06', '2026-01-17 17:31:34'),
(53, '260117A005', 1, 1, 1, NULL, 'CANCELLED', '2026-01-17 16:52:45', '2026-01-17 17:01:27'),
(54, '260117A006', 1, 1, 1, NULL, 'CANCELLED', '2026-01-17 17:01:33', '2026-01-17 17:04:21'),
(55, '260117C001', 12, 1, 1, NULL, 'CANCELLED', '2026-01-17 17:03:30', '2026-01-17 17:04:21'),
(56, 'A007', 1, 1, 1, 18, 'COMPLETED', '2026-01-17 17:27:28', '2026-01-17 17:31:31'),
(57, 'A008', 1, 1, 1, NULL, 'CANCELLED', '2026-01-17 17:27:38', '2026-01-17 17:31:34'),
(58, 'A009', 1, 1, 1, 19, 'CANCELLED', '2026-01-17 17:49:14', '2026-01-20 16:34:05'),
(59, 'E004', 7, 2, 1, 19, 'CANCELLED', '2026-01-17 17:49:23', '2026-01-20 16:34:05'),
(60, 'A010', 1, 1, 2, NULL, 'CANCELLED', '2026-01-17 18:03:25', '2026-01-20 16:34:05'),
(61, 'A011', 1, 1, 1, NULL, 'CANCELLED', '2026-01-17 18:09:38', '2026-01-20 16:34:05'),
(62, 'A012', 1, 1, 1, NULL, 'CANCELLED', '2026-01-17 18:09:48', '2026-01-20 16:34:05'),
(63, 'A013', 1, 1, 1, NULL, 'CANCELLED', '2026-01-17 18:09:57', '2026-01-20 16:34:05'),
(64, 'A014', 1, 1, 1, NULL, 'CANCELLED', '2026-01-17 18:10:20', '2026-01-20 16:34:05'),
(65, 'A015', 1, 1, 1, NULL, 'CANCELLED', '2026-01-17 18:11:19', '2026-01-20 16:34:05'),
(66, 'A001', 1, 1, 1, 18, 'CANCELLED', '2026-01-20 16:35:47', '2026-01-20 18:28:19'),
(67, 'B001', 2, 1, 1, 18, 'CANCELLED', '2026-01-20 16:35:55', '2026-01-20 18:28:19'),
(68, 'A002', 1, 1, 1, NULL, 'COMPLETED', '2026-01-20 18:24:25', '2026-01-20 18:28:16'),
(69, 'A003', 1, 1, 1, NULL, 'COMPLETED', '2026-01-20 18:27:44', '2026-01-20 18:28:16'),
(70, 'A004', 1, 1, 1, 19, 'COMPLETED', '2026-01-20 18:28:21', '2026-01-20 18:57:21'),
(71, 'B002', 2, 1, 1, 19, 'COMPLETED', '2026-01-20 18:28:32', '2026-01-20 18:57:21'),
(72, 'A005', 1, 1, 1, 19, 'COMPLETED', '2026-01-20 18:29:13', '2026-01-20 18:57:21'),
(73, 'A006', 1, 1, 2, NULL, 'CANCELLED', '2026-01-20 19:00:41', '2026-01-21 16:27:34'),
(74, 'A007', 1, 1, 1, NULL, 'CANCELLED', '2026-01-20 19:13:11', '2026-01-21 16:27:34'),
(75, 'A008', 1, 1, 1, NULL, 'CANCELLED', '2026-01-20 19:15:17', '2026-01-21 16:27:34'),
(76, 'A001', 1, 1, 1, NULL, 'CANCELLED', '2026-01-21 10:12:22', '2026-01-22 14:58:44'),
(77, 'E001', 7, 2, 1, NULL, 'CANCELLED', '2026-01-21 10:13:26', '2026-01-22 14:58:44'),
(78, 'D001', 13, 1, 1, NULL, 'CANCELLED', '2026-01-21 13:55:48', '2026-01-22 14:58:44'),
(79, 'B001', 2, 1, 1, NULL, 'CANCELLED', '2026-01-21 15:03:46', '2026-01-22 14:58:44'),
(80, 'E002', 7, 1, 2, NULL, 'CANCELLED', '2026-01-21 15:03:53', '2026-01-22 14:58:44'),
(81, 'B002', 2, 4, 1, NULL, 'CANCELLED', '2026-01-21 15:03:59', '2026-01-22 14:58:44'),
(82, 'C001', 12, 1, 2, NULL, 'CANCELLED', '2026-01-21 15:04:05', '2026-01-22 14:58:44'),
(83, 'A002', 1, 1, 2, NULL, 'CANCELLED', '2026-01-21 16:33:37', '2026-01-22 14:58:44'),
(84, 'C002', 12, 2, 1, NULL, 'CANCELLED', '2026-01-21 16:57:07', '2026-01-22 14:58:44'),
(85, 'D002', 13, 1, 1, NULL, 'CANCELLED', '2026-01-21 16:57:13', '2026-01-22 14:58:44'),
(86, 'E003', 7, 1, 1, NULL, 'CANCELLED', '2026-01-21 16:57:19', '2026-01-22 14:58:44'),
(87, 'A003', 1, 1, 1, NULL, 'CANCELLED', '2026-01-21 16:57:38', '2026-01-22 14:58:44'),
(88, 'D003', 13, 1, 1, NULL, 'CANCELLED', '2026-01-21 16:57:44', '2026-01-22 14:58:44'),
(89, 'B003', 2, 2, 1, NULL, 'CANCELLED', '2026-01-21 16:57:50', '2026-01-22 14:58:44'),
(90, 'B004', 2, 2, 1, NULL, 'CANCELLED', '2026-01-21 16:57:55', '2026-01-22 14:58:44'),
(91, 'A001', 1, 1, 1, NULL, 'CANCELLED', '2026-01-22 14:59:52', '2026-01-23 10:16:02'),
(92, 'E001', 7, 2, 4, NULL, 'CANCELLED', '2026-01-22 15:38:10', '2026-01-23 10:16:02'),
(93, 'F001', 14, 2, 1, NULL, 'CANCELLED', '2026-01-22 16:03:15', '2026-01-22 17:22:56'),
(94, 'F002', 14, 2, 9, NULL, 'CANCELLED', '2026-01-22 17:23:00', '2026-01-23 10:16:02'),
(95, 'A001', 1, 1, 4, NULL, 'CANCELLED', '2026-01-23 10:15:54', '2026-01-26 16:20:59'),
(96, 'A002', 1, 1, 2, NULL, 'CANCELLED', '2026-01-23 10:16:12', '2026-01-26 16:20:59'),
(97, 'B001', 2, 1, 1, NULL, 'CANCELLED', '2026-01-23 12:06:50', '2026-01-26 16:20:59'),
(98, 'F001', 14, 1, 1, NULL, 'CANCELLED', '2026-01-26 16:23:56', '2026-01-27 17:42:10'),
(99, 'A001', 1, 1, 1, NULL, 'CANCELLED', '2026-01-26 17:16:46', '2026-01-27 17:42:10'),
(100, 'A002', 1, 2, 1, NULL, 'CANCELLED', '2026-01-26 17:53:44', '2026-01-27 17:42:10'),
(101, 'F002', 14, 4, 9, NULL, 'CANCELLED', '2026-01-26 17:56:18', '2026-01-27 17:42:10'),
(102, 'B001', 2, 1, 1, NULL, 'CANCELLED', '2026-01-27 08:35:58', '2026-01-28 13:17:09'),
(103, 'A001', 1, 2, 2, NULL, 'CANCELLED', '2026-01-27 18:07:06', '2026-01-28 13:17:09'),
(104, 'A001', 1, 1, 3, NULL, 'CANCELLED', '2026-01-28 13:14:50', '2026-01-31 12:19:21'),
(105, 'B001', 2, 2, 3, NULL, 'CANCELLED', '2026-01-28 13:17:18', '2026-01-31 12:19:21'),
(106, 'E001', 7, 2, 2, 18, 'CANCELLED', '2026-01-28 13:17:26', '2026-01-31 12:19:21'),
(107, 'A001', 1, 1, 3, NULL, 'CANCELLED', '2026-01-31 12:19:38', '2026-02-03 16:15:27'),
(108, 'E001', 7, 1, 3, 18, 'COMPLETED', '2026-01-31 12:20:22', '2026-01-31 12:22:23'),
(109, 'A001', 1, 1, 2, NULL, 'COMPLETED', '2026-02-03 15:46:04', '2026-02-03 16:16:17'),
(110, 'A002', 1, 1, 2, NULL, 'CANCELLED', '2026-02-03 16:36:27', '2026-02-04 18:25:10'),
(111, 'A003', 1, 2, 2, NULL, 'CANCELLED', '2026-02-03 16:52:44', '2026-02-04 18:25:10'),
(112, 'A004', 1, 1, 2, NULL, 'CANCELLED', '2026-02-03 19:17:21', '2026-02-04 18:25:10'),
(113, 'B001', 2, 1, 2, NULL, 'CANCELLED', '2026-02-03 20:05:29', '2026-02-04 18:25:10'),
(114, 'B002', 2, 2, 2, NULL, 'CANCELLED', '2026-02-03 20:05:35', '2026-02-04 18:25:10'),
(115, 'B003', 2, 1, 2, NULL, 'CANCELLED', '2026-02-03 20:05:44', '2026-02-04 18:25:10'),
(116, 'B004', 2, 1, 2, NULL, 'CANCELLED', '2026-02-03 20:05:50', '2026-02-04 18:25:10'),
(117, 'E001', 7, 1, 2, NULL, 'CANCELLED', '2026-02-03 20:06:00', '2026-02-04 18:25:10'),
(118, 'D001', 13, 1, 2, NULL, 'CANCELLED', '2026-02-03 20:06:06', '2026-02-04 18:25:10'),
(119, 'C001', 12, 1, 2, NULL, 'CANCELLED', '2026-02-03 20:06:11', '2026-02-04 18:25:10'),
(120, 'B005', 2, 2, 2, NULL, 'CANCELLED', '2026-02-03 20:06:17', '2026-02-04 18:25:10'),
(121, 'A005', 1, 2, 2, NULL, 'CANCELLED', '2026-02-03 20:06:22', '2026-02-04 18:25:10'),
(122, 'B006', 2, 4, 2, NULL, 'CANCELLED', '2026-02-03 20:06:37', '2026-02-04 18:25:10'),
(123, 'B007', 2, 4, 2, NULL, 'CANCELLED', '2026-02-03 20:06:44', '2026-02-04 18:25:10'),
(124, 'C002', 12, 4, 2, NULL, 'CANCELLED', '2026-02-03 20:06:50', '2026-02-04 18:25:10'),
(125, 'E002', 7, 1, 2, NULL, 'CANCELLED', '2026-02-03 20:06:55', '2026-02-04 18:25:10'),
(126, 'B008', 2, 2, 2, NULL, 'CANCELLED', '2026-02-03 20:07:01', '2026-02-04 18:25:10'),
(127, 'E003', 7, 1, 2, NULL, 'CANCELLED', '2026-02-03 20:07:06', '2026-02-04 18:25:10'),
(128, 'D002', 13, 1, 2, NULL, 'CANCELLED', '2026-02-03 20:07:12', '2026-02-04 18:25:10'),
(129, 'C003', 12, 2, 2, NULL, 'CANCELLED', '2026-02-03 20:07:17', '2026-02-04 18:25:10'),
(130, 'B009', 2, 1, 2, NULL, 'CANCELLED', '2026-02-03 20:07:23', '2026-02-04 18:25:10'),
(131, 'E001', 7, 1, 1, NULL, 'CANCELLED', '2026-02-04 18:26:14', '2026-02-05 15:01:24'),
(132, 'E001', 7, 1, 2, NULL, 'WAITING', '2026-02-05 14:25:49', '2026-02-05 16:17:38'),
(133, 'C001', 12, 2, 2, NULL, 'WAITING', '2026-02-05 15:42:36', '2026-02-05 16:42:14');

-- --------------------------------------------------------

--
-- Table structure for table `queue_logs`
--

CREATE TABLE `queue_logs` (
  `id` bigint(20) NOT NULL,
  `queue_id` bigint(20) NOT NULL,
  `action_type` varchar(50) DEFAULT NULL,
  `action_details` text DEFAULT NULL,
  `personnel_id` int(11) DEFAULT NULL,
  `created_at` datetime DEFAULT current_timestamp()
) ENGINE=InnoDB DEFAULT CHARSET=utf8mb4 COLLATE=utf8mb4_unicode_ci;

--
-- Dumping data for table `queue_logs`
--

INSERT INTO `queue_logs` (`id`, `queue_id`, `action_type`, `action_details`, `personnel_id`, `created_at`) VALUES
(1, 1, 'TRANSFER', 'ส่งงาน: จุดลงรับเอกสาร -> ห้องเก็บสำนวน', NULL, '2026-01-16 11:45:49'),
(2, 2, 'CREATE', 'สร้างบัตรคิวใหม่ (A002)', NULL, '2026-01-16 11:46:21'),
(3, 1, 'TRANSFER', 'ส่งงาน: ห้องเก็บสำนวน -> นิติกรเวร', NULL, '2026-01-16 11:50:12'),
(4, 3, 'CREATE', 'สร้างบัตรคิวใหม่ (A003)', NULL, '2026-01-16 11:59:17'),
(5, 4, 'CREATE', 'สร้างบัตรคิวใหม่ (B001)', NULL, '2026-01-16 11:59:29'),
(6, 3, 'TRANSFER', 'ส่งงาน: จุดลงรับเอกสาร -> ห้องเก็บสำนวน', 2, '2026-01-16 12:08:25'),
(7, 5, 'CREATE', 'ออกบัตรคิว A004', NULL, '2026-01-16 14:53:43'),
(8, 6, 'CREATE', 'ออกบัตรคิว A005', NULL, '2026-01-16 14:54:19'),
(9, 7, 'CREATE', 'ออกบัตรคิว A006', NULL, '2026-01-16 14:55:27'),
(10, 8, 'CREATE', 'ออกบัตรคิว B002', NULL, '2026-01-16 14:55:32'),
(11, 9, 'CREATE', 'ออกบัตรคิว A007', NULL, '2026-01-16 15:01:14'),
(12, 10, 'CREATE', 'ออกบัตรคิว A008', NULL, '2026-01-16 15:01:19'),
(13, 11, 'CREATE', 'ออกบัตรคิว A009', NULL, '2026-01-16 15:13:01'),
(14, 12, 'CREATE', 'ออกบัตรคิว A010', NULL, '2026-01-16 15:20:14'),
(15, 13, 'CREATE', 'ออกบัตรคิว A011', NULL, '2026-01-16 15:26:46'),
(16, 14, 'CREATE', 'ออกบัตรคิว B003', NULL, '2026-01-16 15:26:51'),
(17, 4, 'BULK_TRANSFER', 'ย้ายกลุ่มไปยัง ห้องเก็บสำนวน', 4, '2026-01-16 15:27:44'),
(18, 4, 'BULK_TRANSFER', 'ย้ายกลุ่มไปยัง จุดลงรับเอกสาร', 4, '2026-01-16 15:32:28'),
(19, 3, 'TRANSFER', 'ส่งงาน: ห้องเก็บสำนวน -> นิติกรเวรสั่ง', 4, '2026-01-16 15:32:42'),
(20, 3, 'TRANSFER', 'ส่งงาน: นิติกรเวรสั่ง -> การเงิน', 4, '2026-01-16 15:38:23'),
(21, 15, 'CREATE', 'ออกบัตรคิว A012', NULL, '2026-01-16 15:45:55'),
(22, 6, 'BULK_TRANSFER', 'ย้ายกลุ่มไปยัง ห้องเก็บสำนวน', 4, '2026-01-16 15:54:15'),
(23, 7, 'TRANSFER', 'ส่งงาน: จุดลงรับเอกสาร -> ห้องเก็บสำนวน', 4, '2026-01-16 15:55:35'),
(24, 16, 'CREATE', 'ออกบัตรคิว A013', NULL, '2026-01-16 15:55:39'),
(25, 7, 'COMPLETE', 'จบงาน', 4, '2026-01-16 16:18:24'),
(26, 3, 'CANCEL', 'ยกเลิก/ไม่มา', 4, '2026-01-16 16:21:50'),
(27, 5, 'COMPLETE', 'จบงาน', 4, '2026-01-16 16:21:59'),
(28, 10, 'CANCEL', 'ยกเลิก/ไม่มา', 4, '2026-01-16 16:22:01'),
(29, 11, 'CANCEL', 'ยกเลิก/ไม่มา', 4, '2026-01-16 16:30:19'),
(30, 9, 'COMPLETE', 'จบงาน', 4, '2026-01-16 16:30:21'),
(31, 8, 'CANCEL', 'ยกเลิก/ไม่มา', 4, '2026-01-16 16:30:23'),
(32, 17, 'CREATE', 'ออกบัตรคิว A014', NULL, '2026-01-16 16:30:59'),
(33, 12, 'BULK_TRANSFER', 'ย้ายกลุ่มไปยัง ห้องเก็บสำนวน', 4, '2026-01-16 16:47:48'),
(34, 13, 'BULK_TRANSFER', 'ย้ายกลุ่มไปยัง ห้องเก็บสำนวน', 4, '2026-01-16 16:47:48'),
(35, 14, 'BULK_TRANSFER', 'ย้ายกลุ่มไปยัง ห้องเก็บสำนวน', 4, '2026-01-16 16:47:48'),
(36, 4, 'BULK_TRANSFER', 'ย้ายกลุ่มไปยัง ห้องเก็บสำนวน', 4, '2026-01-16 16:47:48'),
(37, 14, 'BULK_COMPLETE', 'จบงาน (Bulk)', 4, '2026-01-16 17:03:35'),
(38, 13, 'BULK_COMPLETE', 'จบงาน (Bulk)', 4, '2026-01-16 17:03:35'),
(39, 12, 'BULK_CANCEL', 'ยกเลิก/ไม่มา (Bulk)', 4, '2026-01-16 17:03:43'),
(40, 4, 'BULK_CANCEL', 'ยกเลิก/ไม่มา (Bulk)', 4, '2026-01-16 17:03:43'),
(41, 6, 'BULK_TRANSFER', 'ย้ายกลุ่มไปยัง นิติกรเวรสั่ง', 4, '2026-01-16 17:04:01'),
(42, 6, 'COMPLETE', 'จบงาน', 4, '2026-01-16 17:04:09'),
(43, 18, 'CREATE', 'ออกบัตรคิว A015', NULL, '2026-01-16 17:11:37'),
(44, 18, 'BULK_TRANSFER', 'ย้ายกลุ่มไปยัง ห้องเก็บสำนวน', 4, '2026-01-16 17:11:48'),
(45, 18, 'BULK_TRANSFER', 'ย้ายกลุ่มไปยัง นิติกรเวรสั่ง', 4, '2026-01-16 17:11:53'),
(46, 18, 'BULK_TRANSFER', 'ย้ายกลุ่มไปยัง การเงิน', 4, '2026-01-16 17:11:59'),
(47, 18, 'BULK_TRANSFER', 'ย้ายกลุ่มไปยัง นิติกรเวรสั่ง', 4, '2026-01-16 17:12:05'),
(48, 2, 'BULK_TRANSFER', 'ย้ายกลุ่มไปยัง ห้องเก็บสำนวน', 4, '2026-01-16 17:16:46'),
(49, 15, 'BULK_TRANSFER', 'ย้ายกลุ่มไปยัง ห้องเก็บสำนวน', 4, '2026-01-16 17:16:46'),
(50, 19, 'CREATE', 'ออกบัตรคิว A016', NULL, '2026-01-16 17:18:10'),
(51, 20, 'CREATE', 'ออกบัตรคิว B004', NULL, '2026-01-16 17:22:21'),
(52, 21, 'CREATE', 'ออกบัตรคิว A017', NULL, '2026-01-16 17:24:54'),
(53, 22, 'CREATE', 'ออกบัตรคิว A018', NULL, '2026-01-16 17:25:00'),
(54, 23, 'CREATE', 'ออกบัตรคิว A019', NULL, '2026-01-16 17:29:31'),
(55, 24, 'CREATE', 'ออกบัตรคิว A020', NULL, '2026-01-16 17:35:24'),
(56, 25, 'CREATE', 'ออกบัตรคิว B005', NULL, '2026-01-16 17:39:34'),
(57, 26, 'CREATE', 'ออกบัตรคิว E001', NULL, '2026-01-16 17:40:18'),
(58, 27, 'CREATE', 'ออกบัตรคิว A021', NULL, '2026-01-16 17:43:02'),
(59, 28, 'CREATE', 'ออกบัตรคิว B006', NULL, '2026-01-16 17:45:14'),
(60, 29, 'CREATE', 'ออกบัตรคิว E002', NULL, '2026-01-16 17:50:37'),
(61, 30, 'CREATE', 'ออกบัตรคิว A022', NULL, '2026-01-16 17:53:17'),
(62, 31, 'CREATE', 'ออกบัตรคิว B007', NULL, '2026-01-16 17:53:45'),
(63, 32, 'CREATE', 'ออกบัตรคิว B008', NULL, '2026-01-16 17:55:47'),
(64, 33, 'CREATE', 'ออกบัตรคิว B009', NULL, '2026-01-16 17:58:03'),
(65, 34, 'CREATE', 'ออกบัตรคิว B010', NULL, '2026-01-16 17:58:35'),
(66, 35, 'CREATE', 'ออกบัตรคิว B011', NULL, '2026-01-16 17:59:50'),
(67, 36, 'CREATE', 'ออกบัตรคิว A023', NULL, '2026-01-16 18:00:58'),
(68, 37, 'CREATE', 'ออกบัตรคิว B012', NULL, '2026-01-16 18:01:36'),
(69, 38, 'CREATE', 'ออกบัตรคิว B013', NULL, '2026-01-16 18:17:42'),
(70, 39, 'CREATE', 'ออกบัตรคิว B014', NULL, '2026-01-16 18:19:02'),
(71, 40, 'CREATE', 'ออกบัตรคิว B015', NULL, '2026-01-16 18:20:06'),
(72, 41, 'CREATE', 'ออกบัตรคิว B016', NULL, '2026-01-16 18:22:42'),
(73, 42, 'CREATE', 'ออกบัตรคิว B001', NULL, '2026-01-17 08:46:01'),
(74, 16, 'BULK_CANCEL', 'ยกเลิก/ไม่มา (Bulk)', 4, '2026-01-17 08:46:59'),
(75, 22, 'BULK_CANCEL', 'ยกเลิก/ไม่มา (Bulk)', 4, '2026-01-17 08:46:59'),
(76, 17, 'BULK_CANCEL', 'ยกเลิก/ไม่มา (Bulk)', 4, '2026-01-17 08:46:59'),
(77, 23, 'BULK_CANCEL', 'ยกเลิก/ไม่มา (Bulk)', 4, '2026-01-17 08:46:59'),
(78, 19, 'BULK_CANCEL', 'ยกเลิก/ไม่มา (Bulk)', 4, '2026-01-17 08:46:59'),
(79, 24, 'BULK_CANCEL', 'ยกเลิก/ไม่มา (Bulk)', 4, '2026-01-17 08:46:59'),
(80, 20, 'BULK_CANCEL', 'ยกเลิก/ไม่มา (Bulk)', 4, '2026-01-17 08:46:59'),
(81, 25, 'BULK_CANCEL', 'ยกเลิก/ไม่มา (Bulk)', 4, '2026-01-17 08:46:59'),
(82, 26, 'BULK_CANCEL', 'ยกเลิก/ไม่มา (Bulk)', 4, '2026-01-17 08:46:59'),
(83, 37, 'BULK_CANCEL', 'ยกเลิก/ไม่มา (Bulk)', 4, '2026-01-17 08:46:59'),
(84, 32, 'BULK_CANCEL', 'ยกเลิก/ไม่มา (Bulk)', 4, '2026-01-17 08:46:59'),
(85, 38, 'BULK_CANCEL', 'ยกเลิก/ไม่มา (Bulk)', 4, '2026-01-17 08:46:59'),
(86, 33, 'BULK_CANCEL', 'ยกเลิก/ไม่มา (Bulk)', 4, '2026-01-17 08:46:59'),
(87, 39, 'BULK_CANCEL', 'ยกเลิก/ไม่มา (Bulk)', 4, '2026-01-17 08:46:59'),
(88, 34, 'BULK_CANCEL', 'ยกเลิก/ไม่มา (Bulk)', 4, '2026-01-17 08:46:59'),
(89, 40, 'BULK_CANCEL', 'ยกเลิก/ไม่มา (Bulk)', 4, '2026-01-17 08:46:59'),
(90, 35, 'BULK_CANCEL', 'ยกเลิก/ไม่มา (Bulk)', 4, '2026-01-17 08:46:59'),
(91, 41, 'BULK_CANCEL', 'ยกเลิก/ไม่มา (Bulk)', 4, '2026-01-17 08:46:59'),
(92, 36, 'BULK_CANCEL', 'ยกเลิก/ไม่มา (Bulk)', 4, '2026-01-17 08:46:59'),
(93, 31, 'BULK_CANCEL', 'ยกเลิก/ไม่มา (Bulk)', 4, '2026-01-17 08:46:59'),
(94, 30, 'BULK_CANCEL', 'ยกเลิก/ไม่มา (Bulk)', 4, '2026-01-17 08:46:59'),
(95, 29, 'BULK_CANCEL', 'ยกเลิก/ไม่มา (Bulk)', 4, '2026-01-17 08:46:59'),
(96, 28, 'BULK_CANCEL', 'ยกเลิก/ไม่มา (Bulk)', 4, '2026-01-17 08:46:59'),
(97, 27, 'BULK_CANCEL', 'ยกเลิก/ไม่มา (Bulk)', 4, '2026-01-17 08:46:59'),
(98, 21, 'CANCEL', 'ยกเลิก/ไม่มา', 4, '2026-01-17 08:47:02'),
(99, 15, 'BULK_TRANSFER', 'ย้ายกลุ่มไปยัง จุดลงรับเอกสาร', 4, '2026-01-17 09:40:39'),
(100, 2, 'COMPLETE', 'จบงาน', 4, '2026-01-17 09:40:42'),
(101, 18, 'CANCEL', 'ยกเลิก/ไม่มา', 4, '2026-01-17 09:40:50'),
(102, 1, 'CANCEL', 'ยกเลิก/ไม่มา', 4, '2026-01-17 09:41:01'),
(103, 15, 'BULK_CANCEL', 'ยกเลิก/ไม่มา (Bulk)', 4, '2026-01-17 09:41:13'),
(104, 42, 'BULK_CANCEL', 'ยกเลิก/ไม่มา (Bulk)', 4, '2026-01-17 09:41:13'),
(105, 43, 'CREATE', 'ออกบัตรคิว A001', NULL, '2026-01-17 10:49:49'),
(106, 44, 'CREATE', 'ออกบัตรคิว E001', NULL, '2026-01-17 10:49:58'),
(107, 45, 'CREATE', 'ออกบัตรคิว B002', NULL, '2026-01-17 10:50:14'),
(108, 46, 'CREATE', 'ออกบัตรคิว A002', NULL, '2026-01-17 10:59:33'),
(109, 48, 'CREATE', 'ออกบัตรคิว A003', NULL, '2026-01-17 11:15:37'),
(110, 49, 'CREATE', 'ออกบัตรคิว E002', NULL, '2026-01-17 11:15:48'),
(111, 44, 'BULK_TRANSFER', 'ย้ายกลุ่มไปยัง งานนิติกรเวรสั่ง', 4, '2026-01-17 11:24:56'),
(112, 49, 'BULK_TRANSFER', 'ย้ายกลุ่มไปยัง งานนิติกรเวรสั่ง', 4, '2026-01-17 11:25:09'),
(113, 49, 'BULK_TRANSFER', 'ย้ายกลุ่มไปยัง งานการเงิน', 4, '2026-01-17 11:25:15'),
(114, 49, 'COMPLETE', 'จบงาน', 4, '2026-01-17 11:25:23'),
(117, 48, 'BULK_TRANSFER', 'ย้ายกลุ่มไปยัง งานห้องเก็บสำนวน', 4, '2026-01-17 11:56:45'),
(118, 50, 'CREATE', 'ออกบัตรคิว E003', NULL, '2026-01-17 11:57:58'),
(119, 50, 'BULK_TRANSFER', 'ย้ายกลุ่มไปยัง งานห้องเก็บสำนวน', 4, '2026-01-17 11:59:48'),
(120, 51, 'CREATE', 'ออกบัตรคิว A004', NULL, '2026-01-17 12:03:59'),
(121, 52, 'CREATE', 'ออกบัตรคิว B003', NULL, '2026-01-17 12:04:06'),
(122, 48, 'BULK_TRANSFER', 'ย้ายกลุ่มไปยัง งานบัญชี', 4, '2026-01-17 12:20:14'),
(123, 45, 'CALL', 'เรียกคิวที่ช่อง ช่อง 1', 4, '2026-01-17 12:22:44'),
(124, 45, 'CALL', 'เรียกคิวที่ช่อง ช่อง 1', 4, '2026-01-17 12:22:48'),
(125, 48, 'COMPLETE', 'จบงาน', 4, '2026-01-17 12:24:19'),
(127, 45, 'CALL', 'เรียกคิวที่ช่อง ช่อง 1', 4, '2026-01-17 12:24:58'),
(128, 45, 'CALL', 'เรียกคิวที่ช่อง ช่อง 1', 4, '2026-01-17 12:25:05'),
(129, 45, 'CALL', 'เรียกคิวที่ช่อง ช่อง 1', 4, '2026-01-17 12:25:06'),
(130, 45, 'CALL', 'เรียกคิวที่ช่อง ช่อง 1', 4, '2026-01-17 12:25:06'),
(131, 43, 'CALL', 'เรียกคิวที่ช่อง ช่อง 1', 4, '2026-01-17 12:26:51'),
(132, 43, 'CALL', 'เรียกคิวที่ช่อง ช่อง 1', 4, '2026-01-17 12:26:57'),
(133, 43, 'BULK_CALL', 'เรียกคิวที่ช่อง ช่อง 1 (Bulk)', 4, '2026-01-17 12:26:59'),
(134, 45, 'BULK_CALL', 'เรียกคิวที่ช่อง ช่อง 1 (Bulk)', 4, '2026-01-17 12:26:59'),
(135, 51, 'CALL', 'เรียกคิวที่ช่อง ช่อง 2', 4, '2026-01-17 16:42:10'),
(136, 51, 'COMPLETE', 'จบงาน', 4, '2026-01-17 16:42:16'),
(137, 45, 'CANCEL', 'ยกเลิก/ไม่มา', 4, '2026-01-17 16:42:17'),
(139, 46, 'BULK_CALL', 'เรียกคิวที่ช่อง ช่อง 2 (Bulk)', 4, '2026-01-17 16:42:59'),
(140, 52, 'BULK_CALL', 'เรียกคิวที่ช่อง ช่อง 2 (Bulk)', 4, '2026-01-17 16:42:59'),
(141, 43, 'BULK_CALL', 'เรียกคิวที่ช่อง ช่อง 2 (Bulk)', 4, '2026-01-17 16:42:59'),
(142, 52, 'BULK_CALL', 'เรียกคิวที่ช่อง ช่อง 2 (Bulk)', 4, '2026-01-17 16:43:04'),
(143, 46, 'BULK_CALL', 'เรียกคิวที่ช่อง ช่อง 2 (Bulk)', 4, '2026-01-17 16:43:04'),
(144, 43, 'BULK_CALL', 'เรียกคิวที่ช่อง ช่อง 2 (Bulk)', 4, '2026-01-17 16:43:04'),
(145, 53, 'CREATE', 'ออกบัตรคิว 260117A005', NULL, '2026-01-17 16:52:45'),
(146, 53, 'CANCEL', 'ยกเลิก/ไม่มา', 4, '2026-01-17 17:01:27'),
(147, 54, 'CREATE', 'ออกบัตรคิว 260117A006', NULL, '2026-01-17 17:01:33'),
(148, 55, 'CREATE', 'ออกบัตรคิว 260117C001', NULL, '2026-01-17 17:03:30'),
(149, 54, 'BULK_CANCEL', 'ยกเลิก (Bulk)', 4, '2026-01-17 17:04:21'),
(150, 55, 'BULK_CANCEL', 'ยกเลิก (Bulk)', 4, '2026-01-17 17:04:21'),
(151, 52, 'CALL', 'เรียกคิวที่ช่อง ช่อง 2', 4, '2026-01-17 17:05:27'),
(152, 52, 'BULK_TRANSFER', 'ย้ายกลุ่มไปยัง งานนิติกรเวรสั่ง', 4, '2026-01-17 17:05:33'),
(153, 52, 'CALL', 'เรียกคิวที่ช่อง ช่อง 10', 4, '2026-01-17 17:05:43'),
(154, 52, 'CALL', 'เรียกคิวที่ช่อง ช่อง 10', 4, '2026-01-17 17:05:44'),
(155, 52, 'CALL', 'เรียกคิวที่ช่อง ช่อง 10', 4, '2026-01-17 17:05:46'),
(156, 52, 'BULK_TRANSFER', 'ย้ายกลุ่มไปยัง งานลงรับเอกสาร', 4, '2026-01-17 17:09:02'),
(157, 46, 'CALL', 'เรียกคิวที่ช่อง ช่อง 1', 4, '2026-01-17 17:13:04'),
(158, 56, 'CREATE', 'ออกบัตรคิว A007', NULL, '2026-01-17 17:27:28'),
(159, 57, 'CREATE', 'ออกบัตรคิว A008', NULL, '2026-01-17 17:27:38'),
(160, 43, 'CALL', 'เรียกคิวที่ช่อง ช่อง 1', 4, '2026-01-17 17:28:18'),
(161, 43, 'CALL', 'เรียกคิวที่ช่อง ช่อง 1', 4, '2026-01-17 17:28:21'),
(162, 46, 'CALL', 'เรียกคิวที่ช่อง ช่อง 1', 4, '2026-01-17 17:28:26'),
(163, 56, 'CALL', 'เรียกคิวที่ช่อง ช่อง 1', 4, '2026-01-17 17:28:31'),
(164, 56, 'CALL', 'เรียกคิวที่ช่อง ช่อง 1', 4, '2026-01-17 17:28:32'),
(165, 56, 'CALL', 'เรียกคิวที่ช่อง ช่อง 1', 4, '2026-01-17 17:28:33'),
(166, 56, 'CALL', 'เรียกคิวที่ช่อง ช่อง 1', 4, '2026-01-17 17:28:34'),
(167, 46, 'CALL', 'เรียกคิวที่ช่อง ช่อง 1', 4, '2026-01-17 17:28:36'),
(168, 46, 'CALL', 'เรียกคิวที่ช่อง ช่อง 1', 4, '2026-01-17 17:28:36'),
(169, 46, 'BULK_COMPLETE', 'จบงาน (Bulk)', 4, '2026-01-17 17:31:31'),
(170, 43, 'BULK_COMPLETE', 'จบงาน (Bulk)', 4, '2026-01-17 17:31:31'),
(171, 56, 'BULK_COMPLETE', 'จบงาน (Bulk)', 4, '2026-01-17 17:31:31'),
(172, 57, 'BULK_CANCEL', 'ยกเลิก/ไม่มา (Bulk)', 4, '2026-01-17 17:31:34'),
(173, 52, 'BULK_CANCEL', 'ยกเลิก/ไม่มา (Bulk)', 4, '2026-01-17 17:31:34'),
(174, 50, 'BULK_TRANSFER', 'ย้ายกลุ่มไปยัง งานลงรับเอกสาร', 4, '2026-01-17 17:34:54'),
(175, 50, 'CALL', 'เรียกคิวที่ช่อง ช่อง 1', 4, '2026-01-17 17:34:57'),
(176, 44, 'CALL', 'เรียกคิวที่ช่อง ช่อง 10', 4, '2026-01-17 17:38:36'),
(177, 44, 'CALL', 'เรียกคิวที่ช่อง ช่อง 10', 4, '2026-01-17 17:38:38'),
(178, 44, 'CALL', 'เรียกคิวที่ช่อง ช่อง 10', 4, '2026-01-17 17:38:42'),
(179, 50, 'BULK_TRANSFER', 'ย้ายกลุ่มไปยัง งานห้องเก็บสำนวน', 4, '2026-01-17 17:38:54'),
(181, 58, 'CREATE', 'ออกบัตรคิว A009', NULL, '2026-01-17 17:49:14'),
(182, 59, 'CREATE', 'ออกบัตรคิว E004', NULL, '2026-01-17 17:49:23'),
(183, 50, 'CALL', 'เรียกคิวที่ช่อง ช่อง 1', 4, '2026-01-17 17:55:37'),
(184, 50, 'CALL', 'เรียกคิวที่ช่อง ช่อง 1', 4, '2026-01-17 17:55:42'),
(185, 50, 'CALL', 'เรียกคิวที่ช่อง ช่อง 1', 4, '2026-01-17 17:55:47'),
(186, 59, 'CALL', 'เรียกคิวที่ช่อง ช่อง 2', 4, '2026-01-17 17:55:53'),
(187, 58, 'CALL', 'เรียกคิวที่ช่อง ช่อง 2', 4, '2026-01-17 18:02:46'),
(188, 60, 'CREATE', 'ออกบัตรคิว A010', NULL, '2026-01-17 18:03:25'),
(189, 60, 'CALL', 'เรียกคิวที่ช่อง ช่อง 1', 4, '2026-01-17 18:03:32'),
(190, 60, 'BULK_TRANSFER', 'ย้ายกลุ่มไปยัง งานห้องเก็บสำนวน', 4, '2026-01-17 18:04:19'),
(192, 61, 'CREATE', 'ออกบัตรคิว A011', NULL, '2026-01-17 18:09:38'),
(193, 62, 'CREATE', 'ออกบัตรคิว A012', NULL, '2026-01-17 18:09:48'),
(194, 63, 'CREATE', 'ออกบัตรคิว A013', NULL, '2026-01-17 18:09:57'),
(195, 64, 'CREATE', 'ออกบัตรคิว A014', NULL, '2026-01-17 18:10:20'),
(196, 65, 'CREATE', 'ออกบัตรคิว A015', NULL, '2026-01-17 18:11:19'),
(197, 50, 'BULK_TRANSFER', 'ย้ายกลุ่มไปยัง งานนิติกรเวรสั่ง', 4, '2026-01-17 18:13:48'),
(198, 50, 'CALL', 'เรียกคิวที่ช่อง ช่อง 10', 4, '2026-01-17 18:13:57'),
(200, 66, 'CREATE', 'ออกบัตรคิว A001', NULL, '2026-01-20 16:35:47'),
(201, 67, 'CREATE', 'ออกบัตรคิว B001', NULL, '2026-01-20 16:35:55'),
(202, 67, 'BULK_CALL', 'เรียกคิว (Bulk) ที่ช่อง ช่อง 2', 4, '2026-01-20 16:44:24'),
(203, 66, 'BULK_CALL', 'เรียกคิว (Bulk) ที่ช่อง ช่อง 2', 4, '2026-01-20 16:44:24'),
(204, 67, 'BULK_CALL', 'เรียกคิว (Bulk) ที่ช่อง ช่อง 2', 4, '2026-01-20 17:39:11'),
(205, 66, 'BULK_CALL', 'เรียกคิว (Bulk) ที่ช่อง ช่อง 2', 4, '2026-01-20 17:39:11'),
(206, 67, 'BULK_CALL', 'เรียกคิว (Bulk) ที่ช่อง ช่อง 2', 4, '2026-01-20 17:39:15'),
(207, 66, 'BULK_CALL', 'เรียกคิว (Bulk) ที่ช่อง ช่อง 2', 4, '2026-01-20 17:39:15'),
(208, 67, 'BULK_CALL', 'เรียกคิว (Bulk) ที่ช่อง ช่อง 2', 4, '2026-01-20 17:39:30'),
(209, 66, 'BULK_CALL', 'เรียกคิว (Bulk) ที่ช่อง ช่อง 2', 4, '2026-01-20 17:39:30'),
(210, 66, 'BULK_CALL', 'เรียกคิว (Bulk) ที่ช่อง ช่อง 2', 4, '2026-01-20 17:39:34'),
(211, 67, 'BULK_CALL', 'เรียกคิว (Bulk) ที่ช่อง ช่อง 2', 4, '2026-01-20 17:39:34'),
(213, 67, 'BULK_CALL', 'เรียกคิว (Bulk) ที่ช่อง ช่อง 1', 4, '2026-01-20 17:41:28'),
(214, 66, 'BULK_CALL', 'เรียกคิว (Bulk) ที่ช่อง ช่อง 1', 4, '2026-01-20 17:41:28'),
(215, 67, 'CALL', 'เรียกคิวที่ช่อง ช่อง 1', 4, '2026-01-20 17:41:29'),
(216, 67, 'CALL', 'เรียกคิวที่ช่อง ช่อง 1', 4, '2026-01-20 17:41:30'),
(217, 67, 'CALL', 'เรียกคิวที่ช่อง ช่อง 1', 4, '2026-01-20 17:41:31'),
(218, 67, 'CANCEL_CALL', 'ยกเลิกการเรียก (Undo)', 4, '2026-01-20 17:46:27'),
(219, 67, 'CALL', 'เรียกคิวที่ช่อง ช่อง 1', 4, '2026-01-20 17:46:29'),
(220, 67, 'CANCEL_CALL', 'ยกเลิกการเรียก (Undo)', 4, '2026-01-20 18:05:55'),
(221, 67, 'CALL', 'เรียกคิวที่ช่อง ช่อง 1', 4, '2026-01-20 18:05:57'),
(222, 67, 'CANCEL_CALL', 'ยกเลิกการเรียก (Undo)', 4, '2026-01-20 18:06:02'),
(223, 67, 'CALL', 'เรียกคิวที่ช่อง ช่อง 1', 4, '2026-01-20 18:06:04'),
(224, 67, 'CANCEL_CALL', 'ยกเลิกการเรียก (Undo)', 4, '2026-01-20 18:11:07'),
(225, 66, 'CANCEL_CALL', 'ยกเลิกการเรียก (Undo)', 4, '2026-01-20 18:11:07'),
(226, 67, 'BULK_CALL', 'เรียกคิว (Bulk) ที่ช่อง ช่อง 1', 4, '2026-01-20 18:11:10'),
(227, 66, 'BULK_CALL', 'เรียกคิว (Bulk) ที่ช่อง ช่อง 1', 4, '2026-01-20 18:11:10'),
(228, 67, 'CANCEL_CALL', 'ยกเลิกการเรียก (Undo)', 4, '2026-01-20 18:11:13'),
(229, 66, 'CANCEL_CALL', 'ยกเลิกการเรียก (Undo)', 4, '2026-01-20 18:11:13'),
(230, 66, 'BULK_CALL', 'เรียกคิว (Bulk) ที่ช่อง ช่อง 1', 4, '2026-01-20 18:13:50'),
(231, 67, 'BULK_CALL', 'เรียกคิว (Bulk) ที่ช่อง ช่อง 1', 4, '2026-01-20 18:13:50'),
(232, 67, 'CANCEL_CALL', 'ยกเลิกการเรียก (Undo)', 4, '2026-01-20 18:13:54'),
(233, 66, 'CANCEL_CALL', 'ยกเลิกการเรียก (Undo)', 4, '2026-01-20 18:13:56'),
(234, 67, 'BULK_CALL', 'เรียกคิว (Bulk) ที่ช่อง ช่อง 1', 4, '2026-01-20 18:13:58'),
(235, 66, 'BULK_CALL', 'เรียกคิว (Bulk) ที่ช่อง ช่อง 1', 4, '2026-01-20 18:13:58'),
(236, 68, 'CREATE', 'ออกบัตรคิว A002', NULL, '2026-01-20 18:24:25'),
(237, 69, 'CREATE', 'ออกบัตรคิว A003', NULL, '2026-01-20 18:27:44'),
(238, 69, 'BULK_CALL', 'เรียกคิว (Bulk) ที่ช่อง ช่อง 1', 4, '2026-01-20 18:28:07'),
(239, 68, 'BULK_CALL', 'เรียกคิว (Bulk) ที่ช่อง ช่อง 1', 4, '2026-01-20 18:28:07'),
(240, 69, 'CANCEL_CALL', 'ยกเลิกการเรียก (Undo)', 4, '2026-01-20 18:28:09'),
(241, 68, 'CANCEL_CALL', 'ยกเลิกการเรียก (Undo)', 4, '2026-01-20 18:28:09'),
(242, 69, 'BULK_COMPLETE', 'จบงาน (Bulk)', 4, '2026-01-20 18:28:16'),
(243, 68, 'BULK_COMPLETE', 'จบงาน (Bulk)', 4, '2026-01-20 18:28:16'),
(244, 67, 'BULK_CANCEL', 'ยกเลิก/ไม่มา (Bulk)', 4, '2026-01-20 18:28:19'),
(245, 66, 'BULK_CANCEL', 'ยกเลิก/ไม่มา (Bulk)', 4, '2026-01-20 18:28:19'),
(246, 70, 'CREATE', 'ออกบัตรคิว A004', NULL, '2026-01-20 18:28:21'),
(247, 71, 'CREATE', 'ออกบัตรคิว B002', NULL, '2026-01-20 18:28:32'),
(248, 72, 'CREATE', 'ออกบัตรคิว A005', NULL, '2026-01-20 18:29:13'),
(249, 71, 'BULK_CALL', 'เรียกคิว (Bulk) ที่ช่อง ช่อง 2', 4, '2026-01-20 18:39:46'),
(250, 72, 'BULK_CALL', 'เรียกคิว (Bulk) ที่ช่อง ช่อง 2', 4, '2026-01-20 18:39:46'),
(251, 70, 'BULK_CALL', 'เรียกคิว (Bulk) ที่ช่อง ช่อง 2', 4, '2026-01-20 18:39:46'),
(254, 70, 'CANCEL_CALL', 'ยกเลิกการเรียก (Undo)', 4, '2026-01-20 18:47:07'),
(255, 71, 'CANCEL_CALL', 'ยกเลิกการเรียก (Undo)', 4, '2026-01-20 18:47:07'),
(256, 72, 'CANCEL_CALL', 'ยกเลิกการเรียก (Undo)', 4, '2026-01-20 18:47:07'),
(257, 70, 'BULK_CALL', 'เรียกคิว (Bulk) ที่ช่อง ช่อง 2', 4, '2026-01-20 18:47:42'),
(258, 71, 'BULK_CALL', 'เรียกคิว (Bulk) ที่ช่อง ช่อง 2', 4, '2026-01-20 18:47:42'),
(259, 72, 'BULK_CALL', 'เรียกคิว (Bulk) ที่ช่อง ช่อง 2', 4, '2026-01-20 18:47:42'),
(260, 72, 'CANCEL_CALL', 'ยกเลิกการเรียก (Undo)', 4, '2026-01-20 18:47:49'),
(262, 72, 'CALL', 'เรียกคิวที่ช่อง ช่อง 2', 4, '2026-01-20 18:48:28'),
(263, 72, 'CANCEL_CALL', 'ยกเลิกการเรียก (Undo)', 4, '2026-01-20 18:55:02'),
(264, 72, 'CALL', 'เรียกคิวที่ช่อง ช่อง 2', 4, '2026-01-20 18:55:10'),
(265, 72, 'BULK_COMPLETE', 'จบงาน (Bulk)', 4, '2026-01-20 18:57:21'),
(266, 71, 'BULK_COMPLETE', 'จบงาน (Bulk)', 4, '2026-01-20 18:57:21'),
(267, 70, 'BULK_COMPLETE', 'จบงาน (Bulk)', 4, '2026-01-20 18:57:21'),
(268, 73, 'CREATE', 'ออกบัตรคิว A006', NULL, '2026-01-20 19:00:41'),
(269, 73, 'BULK_TRANSFER', 'ย้ายกลุ่มไปยัง งานห้องเก็บสำนวน', 4, '2026-01-20 19:06:08'),
(270, 73, 'BULK_TRANSFER', 'ย้ายกลุ่มไปยัง งานนิติกรเวรสั่ง', 4, '2026-01-20 19:06:55'),
(271, 73, 'BULK_TRANSFER', 'ย้ายกลุ่มไปยัง งานการเงิน', 4, '2026-01-20 19:08:05'),
(272, 73, 'BULK_TRANSFER', 'ย้ายกลุ่มไปยัง งานนิติกรเวรสั่ง', 4, '2026-01-20 19:10:20'),
(273, 74, 'CREATE', 'ออกบัตรคิว A007', NULL, '2026-01-20 19:13:11'),
(274, 75, 'CREATE', 'ออกบัตรคิว A008', NULL, '2026-01-20 19:15:17'),
(275, 73, 'BULK_TRANSFER', 'ย้ายกลุ่มไปยัง งานห้องเก็บสำนวน', 4, '2026-01-20 19:16:16'),
(276, 76, 'CREATE', 'ออกบัตรคิว A001', NULL, '2026-01-21 10:12:22'),
(277, 77, 'CREATE', 'ออกบัตรคิว E001', NULL, '2026-01-21 10:13:26'),
(278, 78, 'CREATE', 'ออกบัตรคิว D001', NULL, '2026-01-21 13:55:48'),
(279, 79, 'CREATE', 'ออกบัตรคิว B001', NULL, '2026-01-21 15:03:46'),
(280, 80, 'CREATE', 'ออกบัตรคิว E002', NULL, '2026-01-21 15:03:53'),
(281, 81, 'CREATE', 'ออกบัตรคิว B002', NULL, '2026-01-21 15:03:59'),
(282, 82, 'CREATE', 'ออกบัตรคิว C001', NULL, '2026-01-21 15:04:05'),
(283, 83, 'CREATE', 'ออกบัตรคิว A002', NULL, '2026-01-21 16:33:37'),
(284, 79, 'CALL', 'เรียกคิวที่ช่อง ช่อง 1', 4, '2026-01-21 16:39:33'),
(285, 79, 'CANCEL_CALL', 'ยกเลิกการเรียก (Undo)', 4, '2026-01-21 16:39:37'),
(286, 76, 'BULK_CALL', 'เรียกคิว (Bulk) ที่ช่อง ช่อง 1', 4, '2026-01-21 16:49:14'),
(287, 77, 'BULK_CALL', 'เรียกคิว (Bulk) ที่ช่อง ช่อง 1', 4, '2026-01-21 16:49:14'),
(288, 78, 'BULK_CALL', 'เรียกคิว (Bulk) ที่ช่อง ช่อง 1', 4, '2026-01-21 16:49:14'),
(289, 80, 'BULK_CALL', 'เรียกคิว (Bulk) ที่ช่อง ช่อง 1', 4, '2026-01-21 16:49:14'),
(290, 78, 'CANCEL_CALL', 'ยกเลิกการเรียก (Undo)', 4, '2026-01-21 16:49:17'),
(291, 80, 'CANCEL_CALL', 'ยกเลิกการเรียก (Undo)', 4, '2026-01-21 16:49:17'),
(292, 76, 'CANCEL_CALL', 'ยกเลิกการเรียก (Undo)', 4, '2026-01-21 16:49:17'),
(293, 77, 'CANCEL_CALL', 'ยกเลิกการเรียก (Undo)', 4, '2026-01-21 16:49:17'),
(294, 83, 'BULK_CALL', 'เรียกคิว (Bulk) ที่ช่อง ช่อง 1', 4, '2026-01-21 16:49:24'),
(295, 79, 'BULK_CALL', 'เรียกคิว (Bulk) ที่ช่อง ช่อง 1', 4, '2026-01-21 16:49:24'),
(296, 79, 'CANCEL_CALL', 'ยกเลิกการเรียก (Undo)', 4, '2026-01-21 16:49:33'),
(297, 83, 'CANCEL_CALL', 'ยกเลิกการเรียก (Undo)', 4, '2026-01-21 16:49:33'),
(298, 80, 'CANCEL_CALL', 'ยกเลิกการเรียก (Undo)', 4, '2026-01-21 16:49:33'),
(299, 78, 'CANCEL_CALL', 'ยกเลิกการเรียก (Undo)', 4, '2026-01-21 16:49:33'),
(300, 84, 'CREATE', 'ออกบัตรคิว C002', NULL, '2026-01-21 16:57:07'),
(301, 85, 'CREATE', 'ออกบัตรคิว D002', NULL, '2026-01-21 16:57:13'),
(302, 86, 'CREATE', 'ออกบัตรคิว E003', NULL, '2026-01-21 16:57:19'),
(303, 87, 'CREATE', 'ออกบัตรคิว A003', NULL, '2026-01-21 16:57:38'),
(304, 88, 'CREATE', 'ออกบัตรคิว D003', NULL, '2026-01-21 16:57:44'),
(305, 89, 'CREATE', 'ออกบัตรคิว B003', NULL, '2026-01-21 16:57:50'),
(306, 90, 'CREATE', 'ออกบัตรคิว B004', NULL, '2026-01-21 16:57:55'),
(307, 76, 'BULK_CALL', 'เรียกคิว (Bulk) ที่ช่อง ช่อง 1', 4, '2026-01-21 17:42:18'),
(308, 86, 'BULK_CALL', 'เรียกคิว (Bulk) ที่ช่อง ช่อง 1', 4, '2026-01-21 17:42:18'),
(309, 79, 'BULK_CALL', 'เรียกคิว (Bulk) ที่ช่อง ช่อง 1', 4, '2026-01-21 17:42:18'),
(310, 77, 'BULK_CALL', 'เรียกคิว (Bulk) ที่ช่อง ช่อง 1', 4, '2026-01-21 17:42:18'),
(311, 78, 'BULK_CALL', 'เรียกคิว (Bulk) ที่ช่อง ช่อง 1', 4, '2026-01-21 17:42:18'),
(312, 76, 'CANCEL_CALL', 'ยกเลิกการเรียก (Undo)', 4, '2026-01-21 17:42:23'),
(313, 86, 'CANCEL_CALL', 'ยกเลิกการเรียก (Undo)', 4, '2026-01-21 17:42:23'),
(314, 78, 'CANCEL_CALL', 'ยกเลิกการเรียก (Undo)', 4, '2026-01-21 17:42:23'),
(315, 77, 'CANCEL_CALL', 'ยกเลิกการเรียก (Undo)', 4, '2026-01-21 17:42:23'),
(316, 79, 'CANCEL_CALL', 'ยกเลิกการเรียก (Undo)', 4, '2026-01-21 17:42:23'),
(317, 80, 'BULK_TRANSFER', 'ย้ายกลุ่มไปยัง งานห้องเก็บสำนวน', 4, '2026-01-21 17:42:34'),
(318, 83, 'BULK_TRANSFER', 'ย้ายกลุ่มไปยัง งานห้องเก็บสำนวน', 4, '2026-01-21 17:42:34'),
(319, 82, 'BULK_TRANSFER', 'ย้ายกลุ่มไปยัง งานห้องเก็บสำนวน', 4, '2026-01-21 17:42:52'),
(321, 82, 'REMARK', 'ยังไม่พบสำนวนเลยค่ะ จะเร่งตรวจสอบให้นะคะ', 4, '2026-01-21 17:54:49'),
(322, 76, 'SYSTEM_CANCEL', 'ล้างคิวและยกเลิกโดยระบบ', NULL, '2026-01-22 14:58:44'),
(323, 77, 'SYSTEM_CANCEL', 'ล้างคิวและยกเลิกโดยระบบ', NULL, '2026-01-22 14:58:44'),
(324, 78, 'SYSTEM_CANCEL', 'ล้างคิวและยกเลิกโดยระบบ', NULL, '2026-01-22 14:58:44'),
(325, 79, 'SYSTEM_CANCEL', 'ล้างคิวและยกเลิกโดยระบบ', NULL, '2026-01-22 14:58:44'),
(326, 80, 'SYSTEM_CANCEL', 'ล้างคิวและยกเลิกโดยระบบ', NULL, '2026-01-22 14:58:44'),
(327, 81, 'SYSTEM_CANCEL', 'ล้างคิวและยกเลิกโดยระบบ', NULL, '2026-01-22 14:58:44'),
(328, 82, 'SYSTEM_CANCEL', 'ล้างคิวและยกเลิกโดยระบบ', NULL, '2026-01-22 14:58:44'),
(329, 83, 'SYSTEM_CANCEL', 'ล้างคิวและยกเลิกโดยระบบ', NULL, '2026-01-22 14:58:44'),
(330, 84, 'SYSTEM_CANCEL', 'ล้างคิวและยกเลิกโดยระบบ', NULL, '2026-01-22 14:58:44'),
(331, 85, 'SYSTEM_CANCEL', 'ล้างคิวและยกเลิกโดยระบบ', NULL, '2026-01-22 14:58:44'),
(332, 86, 'SYSTEM_CANCEL', 'ล้างคิวและยกเลิกโดยระบบ', NULL, '2026-01-22 14:58:44'),
(333, 87, 'SYSTEM_CANCEL', 'ล้างคิวและยกเลิกโดยระบบ', NULL, '2026-01-22 14:58:44'),
(334, 88, 'SYSTEM_CANCEL', 'ล้างคิวและยกเลิกโดยระบบ', NULL, '2026-01-22 14:58:44'),
(335, 89, 'SYSTEM_CANCEL', 'ล้างคิวและยกเลิกโดยระบบ', NULL, '2026-01-22 14:58:44'),
(336, 90, 'SYSTEM_CANCEL', 'ล้างคิวและยกเลิกโดยระบบ', NULL, '2026-01-22 14:58:44'),
(337, 91, 'CREATE', 'ออกบัตรคิว A001', NULL, '2026-01-22 14:59:52'),
(338, 91, 'BULK_TRANSFER', 'ย้ายกลุ่มไปยัง งานห้องเก็บสำนวน', 4, '2026-01-22 15:09:02'),
(339, 92, 'CREATE', 'ออกบัตรคิว E001', NULL, '2026-01-22 15:38:10'),
(340, 91, 'BULK_TRANSFER', 'ย้ายกลุ่มไปยัง งานลงรับเอกสาร', 4, '2026-01-22 15:38:16'),
(341, 92, 'BULK_CALL', 'เรียกคิว (Bulk) ที่ช่อง ช่อง 1', 4, '2026-01-22 15:38:22'),
(342, 91, 'BULK_CALL', 'เรียกคิว (Bulk) ที่ช่อง ช่อง 1', 4, '2026-01-22 15:38:22'),
(343, 91, 'CANCEL_CALL', 'ยกเลิกการเรียก (Undo)', 4, '2026-01-22 15:38:24'),
(344, 92, 'CANCEL_CALL', 'ยกเลิกการเรียก (Undo)', 4, '2026-01-22 15:38:24'),
(345, 91, 'BULK_CALL', 'เรียกคิว (Bulk) ที่ช่อง ช่อง 1', 4, '2026-01-22 15:38:26'),
(346, 92, 'BULK_CALL', 'เรียกคิว (Bulk) ที่ช่อง ช่อง 1', 4, '2026-01-22 15:38:26'),
(347, 91, 'CANCEL_CALL', 'ยกเลิกการเรียก (Undo)', 4, '2026-01-22 15:38:36'),
(348, 92, 'CANCEL_CALL', 'ยกเลิกการเรียก (Undo)', 4, '2026-01-22 15:38:45'),
(349, 91, 'CANCEL_CALL', 'ยกเลิกการเรียก (Undo)', 4, '2026-01-22 15:38:45'),
(350, 93, 'CREATE', 'ออกบัตรคิว F001', NULL, '2026-01-22 16:03:15'),
(351, 91, 'BULK_CALL', 'เรียกคิว (Bulk) ที่ช่อง ช่อง 1', 4, '2026-01-22 16:19:37'),
(352, 92, 'BULK_CALL', 'เรียกคิว (Bulk) ที่ช่อง ช่อง 1', 4, '2026-01-22 16:19:37'),
(353, 93, 'BULK_CALL', 'เรียกคิว (Bulk) ที่ช่อง ช่อง 1', 4, '2026-01-22 16:19:37'),
(354, 93, 'CANCEL_CALL', 'ยกเลิกการเรียก (Undo)', 4, '2026-01-22 16:19:41'),
(355, 92, 'CANCEL_CALL', 'ยกเลิกการเรียก (Undo)', 4, '2026-01-22 16:19:41'),
(356, 91, 'CANCEL_CALL', 'ยกเลิกการเรียก (Undo)', 4, '2026-01-22 16:19:41'),
(357, 92, 'BULK_CALL', 'เรียกคิว (Bulk) ที่ช่อง ช่อง 1', 4, '2026-01-22 16:19:42'),
(358, 93, 'BULK_CALL', 'เรียกคิว (Bulk) ที่ช่อง ช่อง 1', 4, '2026-01-22 16:19:42'),
(359, 93, 'CANCEL_CALL', 'ยกเลิกการเรียก (Undo)', 4, '2026-01-22 16:19:45'),
(360, 92, 'CANCEL_CALL', 'ยกเลิกการเรียก (Undo)', 4, '2026-01-22 16:19:45'),
(361, 92, 'BULK_TRANSFER', 'ย้ายกลุ่มไปยัง งานห้องเก็บสำนวน', 4, '2026-01-22 16:48:20'),
(362, 92, 'BULK_TRANSFER', 'ย้ายกลุ่มไปยัง งานลงรับเอกสาร', 4, '2026-01-22 16:49:43'),
(363, 92, 'BULK_TRANSFER', 'ย้ายกลุ่มไปยัง งานห้องเก็บสำนวน', 4, '2026-01-22 17:03:26'),
(364, 93, 'CANCEL', 'ยกเลิก/ไม่มา', 4, '2026-01-22 17:22:56'),
(365, 94, 'CREATE', 'ออกบัตรคิว F002', NULL, '2026-01-22 17:23:00'),
(367, 91, 'CALL', 'เรียกคิวที่ช่อง ช่อง 1', 4, '2026-01-22 17:41:36'),
(368, 91, 'CANCEL_CALL', 'ยกเลิกการเรียก (Undo)', 4, '2026-01-22 17:41:38'),
(369, 92, 'BULK_TRANSFER', 'ย้ายกลุ่มไปยัง งานการเงิน', 4, '2026-01-22 18:40:54'),
(370, 95, 'CREATE', 'ออกบัตรคิว A001', NULL, '2026-01-23 10:15:54'),
(371, 91, 'SYSTEM_CANCEL', 'ล้างคิวและยกเลิกโดยระบบ', NULL, '2026-01-23 10:16:02'),
(372, 92, 'SYSTEM_CANCEL', 'ล้างคิวและยกเลิกโดยระบบ', NULL, '2026-01-23 10:16:02'),
(373, 94, 'SYSTEM_CANCEL', 'ล้างคิวและยกเลิกโดยระบบ', NULL, '2026-01-23 10:16:02'),
(374, 96, 'CREATE', 'ออกบัตรคิว A002', NULL, '2026-01-23 10:16:12'),
(375, 96, 'CALL', 'เรียกคิวที่ช่อง ช่อง 1', 4, '2026-01-23 10:18:48'),
(377, 95, 'CALL', 'เรียกคิวที่ช่อง ช่อง 1', 4, '2026-01-23 10:26:53'),
(378, 96, 'CANCEL_CALL', 'ยกเลิกการเรียก (Undo)', 4, '2026-01-23 10:27:43'),
(379, 95, 'CANCEL_CALL', 'ยกเลิกการเรียก (Undo)', 4, '2026-01-23 10:27:43'),
(380, 96, 'BULK_TRANSFER', 'ย้ายกลุ่มไปยัง งานห้องเก็บสำนวน', 4, '2026-01-23 10:28:19'),
(381, 95, 'BULK_TRANSFER', 'ย้ายกลุ่มไปยัง งานห้องเก็บสำนวน', 4, '2026-01-23 10:29:46'),
(382, 96, 'BULK_CALL', 'เรียกคิว (Bulk) ที่ช่อง ช่อง 1', 4, '2026-01-23 10:29:51'),
(383, 95, 'BULK_CALL', 'เรียกคิว (Bulk) ที่ช่อง ช่อง 1', 4, '2026-01-23 10:29:51'),
(384, 96, 'CANCEL_CALL', 'ยกเลิกการเรียก (Undo)', 4, '2026-01-23 10:29:54'),
(385, 95, 'CANCEL_CALL', 'ยกเลิกการเรียก (Undo)', 4, '2026-01-23 10:29:54'),
(386, 97, 'CREATE', 'ออกบัตรคิว B001', NULL, '2026-01-23 12:06:50'),
(387, 97, 'CALL', 'เรียกคิวที่ช่อง ช่อง 1', 5, '2026-01-23 15:39:21'),
(388, 97, 'CANCEL_CALL', 'ยกเลิกการเรียก (Undo)', 5, '2026-01-23 15:39:24'),
(389, 95, 'REMARK', '1', 5, '2026-01-23 15:39:28'),
(390, 95, 'BULK_TRANSFER', 'ย้ายกลุ่มไปยัง งานการเงิน', 5, '2026-01-23 15:39:34'),
(391, 95, 'SYSTEM_CANCEL', 'ล้างคิวและยกเลิกโดยระบบ', NULL, '2026-01-26 16:20:59'),
(392, 96, 'SYSTEM_CANCEL', 'ล้างคิวและยกเลิกโดยระบบ', NULL, '2026-01-26 16:20:59'),
(393, 97, 'SYSTEM_CANCEL', 'ล้างคิวและยกเลิกโดยระบบ', NULL, '2026-01-26 16:20:59'),
(394, 98, 'CREATE', 'ออกบัตรคิว F001', NULL, '2026-01-26 16:23:56'),
(395, 99, 'CREATE', 'ออกบัตรคิว A001', NULL, '2026-01-26 17:16:46'),
(396, 98, 'BULK_TRANSFER', 'ย้ายกลุ่มไปยัง งานลงรับเอกสาร', NULL, '2026-01-26 17:18:01'),
(397, 98, 'BULK_CALL', 'เรียกคิว (Bulk) ที่ช่อง ช่อง 2', NULL, '2026-01-26 17:18:19'),
(398, 99, 'BULK_CALL', 'เรียกคิว (Bulk) ที่ช่อง ช่อง 2', NULL, '2026-01-26 17:18:19'),
(399, 98, 'CANCEL_CALL', 'ยกเลิกการเรียก (Undo)', NULL, '2026-01-26 17:18:22'),
(400, 99, 'CANCEL_CALL', 'ยกเลิกการเรียก (Undo)', NULL, '2026-01-26 17:18:22'),
(401, 100, 'CREATE', 'ออกบัตรคิว A002', NULL, '2026-01-26 17:53:44'),
(402, 101, 'CREATE', 'ออกบัตรคิว F002', NULL, '2026-01-26 17:56:18'),
(403, 102, 'CREATE', 'ออกบัตรคิว B001', NULL, '2026-01-27 08:35:58'),
(404, 98, 'SYSTEM_CANCEL', 'ล้างคิวและยกเลิกโดยระบบ', NULL, '2026-01-27 17:42:10'),
(405, 99, 'SYSTEM_CANCEL', 'ล้างคิวและยกเลิกโดยระบบ', NULL, '2026-01-27 17:42:10'),
(406, 100, 'SYSTEM_CANCEL', 'ล้างคิวและยกเลิกโดยระบบ', NULL, '2026-01-27 17:42:10'),
(407, 101, 'SYSTEM_CANCEL', 'ล้างคิวและยกเลิกโดยระบบ', NULL, '2026-01-27 17:42:10'),
(408, 103, 'CREATE', 'ออกบัตรคิว A001', NULL, '2026-01-27 18:07:06'),
(409, 103, 'BULK_TRANSFER', 'ย้ายกลุ่มไปยัง งานห้องเก็บสำนวน', NULL, '2026-01-27 18:46:21'),
(410, 104, 'CREATE', 'ออกบัตรคิว A001', NULL, '2026-01-28 13:14:50'),
(411, 102, 'SYSTEM_CANCEL', 'ล้างคิวและยกเลิกโดยระบบ', NULL, '2026-01-28 13:17:09'),
(412, 103, 'SYSTEM_CANCEL', 'ล้างคิวและยกเลิกโดยระบบ', NULL, '2026-01-28 13:17:09'),
(413, 105, 'CREATE', 'ออกบัตรคิว B001', NULL, '2026-01-28 13:17:18'),
(414, 106, 'CREATE', 'ออกบัตรคิว E001', NULL, '2026-01-28 13:17:26'),
(415, 105, 'BULK_TRANSFER', 'ย้ายกลุ่มไปยัง งานห้องเก็บสำนวน', NULL, '2026-01-28 13:17:38'),
(416, 106, 'BULK_TRANSFER', 'ย้ายกลุ่มไปยัง งานห้องเก็บสำนวน', NULL, '2026-01-28 13:17:38'),
(417, 104, 'BULK_TRANSFER', 'ย้ายกลุ่มไปยัง งานห้องเก็บสำนวน', NULL, '2026-01-28 13:17:38'),
(418, 105, 'BULK_TRANSFER', 'ย้ายกลุ่มไปยัง งานนิติกรเวรสั่ง', NULL, '2026-01-28 13:17:50'),
(419, 104, 'BULK_TRANSFER', 'ย้ายกลุ่มไปยัง งานนิติกรเวรสั่ง', NULL, '2026-01-28 13:17:50'),
(420, 106, 'CALL', 'เรียกคิวที่ช่อง ช่อง 1', NULL, '2026-01-28 13:17:53'),
(421, 104, 'SYSTEM_CANCEL', 'ล้างคิวและยกเลิกโดยระบบ', NULL, '2026-01-31 12:19:21'),
(422, 105, 'SYSTEM_CANCEL', 'ล้างคิวและยกเลิกโดยระบบ', NULL, '2026-01-31 12:19:21'),
(423, 106, 'SYSTEM_CANCEL', 'ล้างคิวและยกเลิกโดยระบบ', NULL, '2026-01-31 12:19:21'),
(424, 107, 'CREATE', 'ออกบัตรคิว A001', NULL, '2026-01-31 12:19:38'),
(425, 107, 'BULK_TRANSFER', 'ย้ายกลุ่มไปยัง งานห้องเก็บสำนวน', NULL, '2026-01-31 12:19:59'),
(426, 107, 'CALL', 'เรียกคิวที่ช่อง ช่อง 1', NULL, '2026-01-31 12:20:15'),
(427, 108, 'CREATE', 'ออกบัตรคิว E001', NULL, '2026-01-31 12:20:22'),
(428, 108, 'BULK_TRANSFER', 'ย้ายกลุ่มไปยัง งานห้องเก็บสำนวน', NULL, '2026-01-31 12:20:49'),
(429, 107, 'CANCEL_CALL', 'ยกเลิกการเรียก (Undo)', NULL, '2026-01-31 12:20:59'),
(430, 107, 'BULK_TRANSFER', 'ย้ายกลุ่มไปยัง งานนิติกรเวรสั่ง', NULL, '2026-01-31 12:21:26'),
(431, 108, 'BULK_TRANSFER', 'ย้ายกลุ่มไปยัง งานนิติกรเวรสั่ง', NULL, '2026-01-31 12:21:26'),
(432, 108, 'CALL', 'เรียกคิวที่ช่อง ช่อง 1', NULL, '2026-01-31 12:22:05'),
(433, 108, 'COMPLETE', 'จบงาน', NULL, '2026-01-31 12:22:23'),
(434, 107, 'CALL', 'เรียกคิวที่ช่อง ช่อง 1', NULL, '2026-01-31 12:22:29'),
(435, 107, 'CANCEL_CALL', 'ยกเลิกการเรียก (Undo)', NULL, '2026-01-31 12:22:30'),
(436, 109, 'CREATE', 'ออกบัตรคิว A001', NULL, '2026-02-03 15:46:04'),
(437, 107, 'SYSTEM_CANCEL', 'ล้างคิวและยกเลิกโดยระบบ', NULL, '2026-02-03 16:15:27'),
(438, 109, 'BULK_TRANSFER', 'ย้ายกลุ่มไปยัง งานห้องเก็บสำนวน', NULL, '2026-02-03 16:15:30'),
(439, 109, 'CALL', 'เรียกคิวที่ช่อง ช่อง 1', NULL, '2026-02-03 16:16:09'),
(440, 109, 'CANCEL_CALL', 'ยกเลิกการเรียก (Undo)', NULL, '2026-02-03 16:16:12'),
(441, 109, 'COMPLETE', 'จบงาน', NULL, '2026-02-03 16:16:17'),
(442, 110, 'CREATE', 'ออกบัตรคิว A002', NULL, '2026-02-03 16:36:27'),
(443, 111, 'CREATE', 'ออกบัตรคิว A003', NULL, '2026-02-03 16:52:44'),
(444, 110, 'BULK_CALL', 'เรียกคิว (Bulk) ที่ช่อง ช่อง 1', NULL, '2026-02-03 18:07:36'),
(445, 111, 'BULK_CALL', 'เรียกคิว (Bulk) ที่ช่อง ช่อง 1', NULL, '2026-02-03 18:07:36'),
(446, 111, 'CANCEL_CALL', 'ยกเลิกการเรียก (Undo)', NULL, '2026-02-03 19:16:25'),
(447, 110, 'CANCEL_CALL', 'ยกเลิกการเรียก (Undo)', NULL, '2026-02-03 19:16:25'),
(448, 110, 'BULK_TRANSFER', 'ย้ายกลุ่มไปยัง งานห้องเก็บสำนวน', NULL, '2026-02-03 19:16:29'),
(449, 110, 'BULK_TRANSFER', 'ย้ายกลุ่มไปยัง งานนิติกรเวรสั่ง', NULL, '2026-02-03 19:16:37'),
(450, 112, 'CREATE', 'ออกบัตรคิว A004', NULL, '2026-02-03 19:17:21'),
(451, 110, 'BULK_TRANSFER', 'ย้ายกลุ่มไปยัง งานบัญชี', NULL, '2026-02-03 19:17:52'),
(452, 110, 'BULK_TRANSFER', 'ย้ายกลุ่มไปยัง งานนิติกรเวรสั่ง', NULL, '2026-02-03 19:18:56'),
(453, 110, 'CALL', 'เรียกคิวที่ช่อง เวรสั่งชั้นอายัด ช่อง 12-13', NULL, '2026-02-03 19:19:28'),
(454, 110, 'CANCEL_CALL', 'ยกเลิกการเรียก (Undo)', NULL, '2026-02-03 19:23:44'),
(455, 110, 'BULK_TRANSFER', 'ย้ายกลุ่มไปยัง งานห้องเก็บสำนวน', NULL, '2026-02-03 19:41:41'),
(456, 110, 'BULK_TRANSFER', 'ย้ายกลุ่มไปยัง งานลงรับเอกสาร', NULL, '2026-02-03 19:41:58'),
(457, 110, 'BULK_TRANSFER', 'ย้ายกลุ่มไปยัง งานห้องเก็บสำนวน', NULL, '2026-02-03 19:42:28'),
(458, 112, 'BULK_TRANSFER', 'ย้ายกลุ่มไปยัง งานห้องเก็บสำนวน', NULL, '2026-02-03 20:05:27'),
(459, 111, 'BULK_TRANSFER', 'ย้ายกลุ่มไปยัง งานห้องเก็บสำนวน', NULL, '2026-02-03 20:05:27'),
(460, 113, 'CREATE', 'ออกบัตรคิว B001', NULL, '2026-02-03 20:05:29'),
(461, 114, 'CREATE', 'ออกบัตรคิว B002', NULL, '2026-02-03 20:05:35'),
(462, 115, 'CREATE', 'ออกบัตรคิว B003', NULL, '2026-02-03 20:05:44'),
(463, 116, 'CREATE', 'ออกบัตรคิว B004', NULL, '2026-02-03 20:05:50'),
(464, 113, 'BULK_TRANSFER', 'ย้ายกลุ่มไปยัง งานห้องเก็บสำนวน', NULL, '2026-02-03 20:05:56'),
(465, 114, 'BULK_TRANSFER', 'ย้ายกลุ่มไปยัง งานห้องเก็บสำนวน', NULL, '2026-02-03 20:05:56'),
(466, 115, 'BULK_TRANSFER', 'ย้ายกลุ่มไปยัง งานห้องเก็บสำนวน', NULL, '2026-02-03 20:05:56'),
(467, 116, 'BULK_TRANSFER', 'ย้ายกลุ่มไปยัง งานห้องเก็บสำนวน', NULL, '2026-02-03 20:05:56'),
(468, 117, 'CREATE', 'ออกบัตรคิว E001', NULL, '2026-02-03 20:06:00'),
(469, 118, 'CREATE', 'ออกบัตรคิว D001', NULL, '2026-02-03 20:06:06'),
(470, 119, 'CREATE', 'ออกบัตรคิว C001', NULL, '2026-02-03 20:06:11'),
(471, 120, 'CREATE', 'ออกบัตรคิว B005', NULL, '2026-02-03 20:06:17'),
(472, 121, 'CREATE', 'ออกบัตรคิว A005', NULL, '2026-02-03 20:06:22'),
(473, 119, 'BULK_TRANSFER', 'ย้ายกลุ่มไปยัง งานห้องเก็บสำนวน', NULL, '2026-02-03 20:06:29'),
(474, 117, 'BULK_TRANSFER', 'ย้ายกลุ่มไปยัง งานห้องเก็บสำนวน', NULL, '2026-02-03 20:06:29'),
(475, 118, 'BULK_TRANSFER', 'ย้ายกลุ่มไปยัง งานห้องเก็บสำนวน', NULL, '2026-02-03 20:06:29'),
(476, 120, 'BULK_TRANSFER', 'ย้ายกลุ่มไปยัง งานห้องเก็บสำนวน', NULL, '2026-02-03 20:06:29'),
(477, 121, 'BULK_TRANSFER', 'ย้ายกลุ่มไปยัง งานห้องเก็บสำนวน', NULL, '2026-02-03 20:06:29'),
(478, 122, 'CREATE', 'ออกบัตรคิว B006', NULL, '2026-02-03 20:06:37'),
(479, 123, 'CREATE', 'ออกบัตรคิว B007', NULL, '2026-02-03 20:06:44'),
(480, 124, 'CREATE', 'ออกบัตรคิว C002', NULL, '2026-02-03 20:06:50'),
(481, 125, 'CREATE', 'ออกบัตรคิว E002', NULL, '2026-02-03 20:06:55'),
(482, 126, 'CREATE', 'ออกบัตรคิว B008', NULL, '2026-02-03 20:07:01'),
(483, 127, 'CREATE', 'ออกบัตรคิว E003', NULL, '2026-02-03 20:07:06'),
(484, 128, 'CREATE', 'ออกบัตรคิว D002', NULL, '2026-02-03 20:07:12'),
(485, 129, 'CREATE', 'ออกบัตรคิว C003', NULL, '2026-02-03 20:07:17'),
(486, 130, 'CREATE', 'ออกบัตรคิว B009', NULL, '2026-02-03 20:07:23'),
(487, 123, 'BULK_TRANSFER', 'ย้ายกลุ่มไปยัง งานห้องเก็บสำนวน', NULL, '2026-02-03 20:07:32'),
(488, 122, 'BULK_TRANSFER', 'ย้ายกลุ่มไปยัง งานห้องเก็บสำนวน', NULL, '2026-02-03 20:07:32'),
(489, 125, 'BULK_TRANSFER', 'ย้ายกลุ่มไปยัง งานห้องเก็บสำนวน', NULL, '2026-02-03 20:07:32'),
(490, 128, 'BULK_TRANSFER', 'ย้ายกลุ่มไปยัง งานห้องเก็บสำนวน', NULL, '2026-02-03 20:07:32'),
(491, 129, 'BULK_TRANSFER', 'ย้ายกลุ่มไปยัง งานห้องเก็บสำนวน', NULL, '2026-02-03 20:07:32'),
(492, 126, 'BULK_TRANSFER', 'ย้ายกลุ่มไปยัง งานห้องเก็บสำนวน', NULL, '2026-02-03 20:07:32'),
(493, 127, 'BULK_TRANSFER', 'ย้ายกลุ่มไปยัง งานห้องเก็บสำนวน', NULL, '2026-02-03 20:07:32'),
(494, 130, 'BULK_TRANSFER', 'ย้ายกลุ่มไปยัง งานห้องเก็บสำนวน', NULL, '2026-02-03 20:07:32'),
(495, 124, 'BULK_TRANSFER', 'ย้ายกลุ่มไปยัง งานห้องเก็บสำนวน', NULL, '2026-02-03 20:07:32'),
(496, 110, 'SYSTEM_CANCEL', 'ล้างคิวและยกเลิกโดยระบบ', NULL, '2026-02-04 18:25:10'),
(497, 111, 'SYSTEM_CANCEL', 'ล้างคิวและยกเลิกโดยระบบ', NULL, '2026-02-04 18:25:10'),
(498, 112, 'SYSTEM_CANCEL', 'ล้างคิวและยกเลิกโดยระบบ', NULL, '2026-02-04 18:25:10'),
(499, 113, 'SYSTEM_CANCEL', 'ล้างคิวและยกเลิกโดยระบบ', NULL, '2026-02-04 18:25:10'),
(500, 114, 'SYSTEM_CANCEL', 'ล้างคิวและยกเลิกโดยระบบ', NULL, '2026-02-04 18:25:10'),
(501, 115, 'SYSTEM_CANCEL', 'ล้างคิวและยกเลิกโดยระบบ', NULL, '2026-02-04 18:25:10'),
(502, 116, 'SYSTEM_CANCEL', 'ล้างคิวและยกเลิกโดยระบบ', NULL, '2026-02-04 18:25:10'),
(503, 117, 'SYSTEM_CANCEL', 'ล้างคิวและยกเลิกโดยระบบ', NULL, '2026-02-04 18:25:10'),
(504, 118, 'SYSTEM_CANCEL', 'ล้างคิวและยกเลิกโดยระบบ', NULL, '2026-02-04 18:25:10'),
(505, 119, 'SYSTEM_CANCEL', 'ล้างคิวและยกเลิกโดยระบบ', NULL, '2026-02-04 18:25:10'),
(506, 120, 'SYSTEM_CANCEL', 'ล้างคิวและยกเลิกโดยระบบ', NULL, '2026-02-04 18:25:10'),
(507, 121, 'SYSTEM_CANCEL', 'ล้างคิวและยกเลิกโดยระบบ', NULL, '2026-02-04 18:25:10'),
(508, 122, 'SYSTEM_CANCEL', 'ล้างคิวและยกเลิกโดยระบบ', NULL, '2026-02-04 18:25:10'),
(509, 123, 'SYSTEM_CANCEL', 'ล้างคิวและยกเลิกโดยระบบ', NULL, '2026-02-04 18:25:10'),
(510, 124, 'SYSTEM_CANCEL', 'ล้างคิวและยกเลิกโดยระบบ', NULL, '2026-02-04 18:25:10'),
(511, 125, 'SYSTEM_CANCEL', 'ล้างคิวและยกเลิกโดยระบบ', NULL, '2026-02-04 18:25:10'),
(512, 126, 'SYSTEM_CANCEL', 'ล้างคิวและยกเลิกโดยระบบ', NULL, '2026-02-04 18:25:10'),
(513, 127, 'SYSTEM_CANCEL', 'ล้างคิวและยกเลิกโดยระบบ', NULL, '2026-02-04 18:25:10'),
(514, 128, 'SYSTEM_CANCEL', 'ล้างคิวและยกเลิกโดยระบบ', NULL, '2026-02-04 18:25:10'),
(515, 129, 'SYSTEM_CANCEL', 'ล้างคิวและยกเลิกโดยระบบ', NULL, '2026-02-04 18:25:10'),
(516, 130, 'SYSTEM_CANCEL', 'ล้างคิวและยกเลิกโดยระบบ', NULL, '2026-02-04 18:25:10'),
(517, 131, 'CREATE', 'ออกบัตรคิว E001', NULL, '2026-02-04 18:26:14'),
(518, 132, 'CREATE', 'ออกบัตรคิว E001', NULL, '2026-02-05 14:25:49'),
(519, 131, 'SYSTEM_CANCEL', 'ล้างคิวและยกเลิกโดยระบบ', NULL, '2026-02-05 15:01:24'),
(520, 132, 'BULK_TRANSFER', 'ย้ายกลุ่มไปยัง งานห้องเก็บสำนวน', NULL, '2026-02-05 15:42:24'),
(521, 132, 'BULK_TRANSFER', 'ย้ายกลุ่มไปยัง งานลงรับเอกสาร', NULL, '2026-02-05 15:42:29'),
(522, 133, 'CREATE', 'ออกบัตรคิว C001', NULL, '2026-02-05 15:42:36'),
(523, 133, 'BULK_CALL', 'เรียกคิว (Bulk) ที่ช่อง ช่อง 1', NULL, '2026-02-05 15:42:57'),
(524, 132, 'BULK_CALL', 'เรียกคิว (Bulk) ที่ช่อง ช่อง 1', NULL, '2026-02-05 15:42:57'),
(525, 132, 'CANCEL_CALL', 'ยกเลิกการเรียก (Undo)', NULL, '2026-02-05 15:43:06'),
(526, 133, 'CANCEL_CALL', 'ยกเลิกการเรียก (Undo)', NULL, '2026-02-05 15:43:06'),
(527, 133, 'BULK_TRANSFER', 'ย้ายกลุ่มไปยัง งานห้องเก็บสำนวน', NULL, '2026-02-05 15:43:09'),
(528, 132, 'BULK_TRANSFER', 'ย้ายกลุ่มไปยัง งานห้องเก็บสำนวน', NULL, '2026-02-05 15:43:09'),
(529, 133, 'BULK_TRANSFER', 'ย้ายกลุ่มไปยัง งานลงรับเอกสาร', NULL, '2026-02-05 15:50:29'),
(530, 132, 'BULK_TRANSFER', 'ย้ายกลุ่มไปยัง งานลงรับเอกสาร', NULL, '2026-02-05 15:50:29'),
(531, 133, 'CALL', 'เรียกคิวที่ช่อง ช่อง 1', NULL, '2026-02-05 15:50:43'),
(532, 133, 'CANCEL_CALL', 'ยกเลิกการเรียก (Undo)', NULL, '2026-02-05 15:50:52'),
(533, 132, 'BULK_TRANSFER', 'ย้ายกลุ่มไปยัง งานห้องเก็บสำนวน', NULL, '2026-02-05 16:17:38'),
(534, 133, 'BULK_TRANSFER', 'ย้ายกลุ่มไปยัง งานห้องเก็บสำนวน', NULL, '2026-02-05 16:41:50'),
(535, 133, 'BULK_TRANSFER', 'ย้ายกลุ่มไปยัง งานนิติกรเวรสั่ง', NULL, '2026-02-05 16:42:05'),
(536, 133, 'BULK_TRANSFER', 'ย้ายกลุ่มไปยัง งานห้องเก็บสำนวน', NULL, '2026-02-05 16:42:14');

-- --------------------------------------------------------

--
-- Table structure for table `queue_types`
--

CREATE TABLE `queue_types` (
  `id` int(11) NOT NULL,
  `name` varchar(255) NOT NULL,
  `code` varchar(10) NOT NULL,
  `badge_color` varchar(7) DEFAULT '#3B82F6',
  `is_active` tinyint(1) DEFAULT 1,
  `sort_order` int(11) DEFAULT 0,
  `default_department_id` int(11) DEFAULT NULL
) ENGINE=InnoDB DEFAULT CHARSET=utf8mb4 COLLATE=utf8mb4_unicode_ci;

--
-- Dumping data for table `queue_types`
--

INSERT INTO `queue_types` (`id`, `name`, `code`, `badge_color`, `is_active`, `sort_order`, `default_department_id`) VALUES
(1, 'ตั้งเรื่องบังคับคดี', 'A', '#3b82f6', 1, 1, 1),
(2, 'ยื่นคำร้องต่างๆในสำนวนที่มีการบังคับคดีแล้ว', 'B', '#3b82f6', 1, 2, 1),
(7, 'ขอให้คำนวณหนี้และคิดค่าธรรมเนียม', 'E', '#ef4444', 1, 5, 1),
(12, 'ขอรับเงินในคดี', 'C', '#10b981', 1, 3, 1),
(13, 'ขอวางเงินในคดี', 'D', '#10b981', 1, 4, 1),
(14, 'ติดต่องานไกล่เกลี่ย', 'F', '#e72289', 1, 6, 9),
(18, 'ติดต่องานวางทรัพย์', 'G', '#8b5cf6', 1, 7, NULL),
(19, 'จ่ายเงินในคดีตามช่องทาง Fast track', 'H', '#8b5cf6', 1, 8, NULL),
(20, 'ติดต่องานบังคับคดีล้มละลาย', 'I', '#8b5cf6', 1, 9, NULL);

-- --------------------------------------------------------

--
-- Table structure for table `system_settings`
--

CREATE TABLE `system_settings` (
  `id` int(11) NOT NULL,
  `agency_name` varchar(255) DEFAULT 'สำนักงานบังคับคดี',
  `primary_color_hex` varchar(7) DEFAULT '#0F172A',
  `created_at` datetime DEFAULT current_timestamp(),
  `announcement_text` text DEFAULT NULL,
  `announcement_start` datetime DEFAULT NULL,
  `announcement_end` datetime DEFAULT NULL,
  `announcement_active` tinyint(1) DEFAULT 0,
  `overdue_alert_minutes` int(11) DEFAULT 0,
  `updated_at` datetime DEFAULT NULL,
  `logo_url` varchar(500) DEFAULT NULL,
  `footer_text` varchar(255) DEFAULT 'Developed by Antigravity',
  `kiosk_settings` longtext CHARACTER SET utf8mb4 COLLATE utf8mb4_bin DEFAULT NULL CHECK (json_valid(`kiosk_settings`))
) ENGINE=InnoDB DEFAULT CHARSET=utf8mb4 COLLATE=utf8mb4_unicode_ci;

--
-- Dumping data for table `system_settings`
--

INSERT INTO `system_settings` (`id`, `agency_name`, `primary_color_hex`, `created_at`, `announcement_text`, `announcement_start`, `announcement_end`, `announcement_active`, `overdue_alert_minutes`, `updated_at`, `logo_url`, `footer_text`, `kiosk_settings`) VALUES
(1, 'สำนักงานบังคับคดีจังหวัดนนทบุรี', '#0F172A', '2026-01-15 19:25:00', 'เนื่องจากระบบงานของกรมบังคับคดีส่วนกลางเกิดการขัดข้อง ส่งผลให้สำนักงานบังคับคดีจังหวัดนนทบุรีได้รับผลกระทบ และต้องรอการแก้ไขจากทางกรมฯ ทำให้การให้บริการอาจล่าช้ากว่าปกติ สำนักงานฯ ขออภัยในความไม่สะดวกมา ณ ที่นี้', NULL, NULL, 1, 0, '2026-02-05 16:13:05', '/uploads/logo-1770113639501-158567870.png', 'สำนักงานบังคับคดีจังหวัดนนทบุรี กรมบังคับคดี', '{\"title_type\":\"กรุณาเลือกประเภทบริการ\",\"title_role\":\"กรุณาระบุสถานะของผู้ติดต่อ\",\"icon_size\":\"auto\",\"font_size\":\"medium\",\"grid_columns\":\"4\",\"grid_gap\":\"medium\",\"tracking_message_calling\":\"คิวของท่าน {queue} ถูกเรียกแล้วที่ {department} {counter} โปรดติดต่อเพื่อรับบริการ\",\"tracking_message_cancelled\":\"คิวของท่าน {queue} ถูกยกเลิก หากมีข้อสงสัยโปรดติดต่อเจ้าหน้าที่\",\"tracking_message_completed\":\"คิวของท่าน {queue} ได้รับบริการเรียบร้อยแล้ว\",\"card_size\":\"auto\",\"primary_color\":\"#f97316\"}');

--
-- Indexes for dumped tables
--

--
-- Indexes for table `admin_users`
--
ALTER TABLE `admin_users`
  ADD PRIMARY KEY (`id`),
  ADD UNIQUE KEY `username` (`username`);

--
-- Indexes for table `case_roles`
--
ALTER TABLE `case_roles`
  ADD PRIMARY KEY (`id`);

--
-- Indexes for table `counters`
--
ALTER TABLE `counters`
  ADD PRIMARY KEY (`id`),
  ADD KEY `department_id` (`department_id`);

--
-- Indexes for table `departments`
--
ALTER TABLE `departments`
  ADD PRIMARY KEY (`id`);

--
-- Indexes for table `display_configs`
--
ALTER TABLE `display_configs`
  ADD PRIMARY KEY (`id`),
  ADD UNIQUE KEY `idx_slug` (`slug`);

--
-- Indexes for table `personnel`
--
ALTER TABLE `personnel`
  ADD PRIMARY KEY (`id`),
  ADD UNIQUE KEY `username` (`username`);

--
-- Indexes for table `queues`
--
ALTER TABLE `queues`
  ADD PRIMARY KEY (`id`),
  ADD KEY `type_id` (`type_id`),
  ADD KEY `role_id` (`role_id`),
  ADD KEY `current_department_id` (`current_department_id`),
  ADD KEY `current_counter_id` (`current_counter_id`);

--
-- Indexes for table `queue_logs`
--
ALTER TABLE `queue_logs`
  ADD PRIMARY KEY (`id`),
  ADD KEY `queue_id` (`queue_id`),
  ADD KEY `personnel_id` (`personnel_id`);

--
-- Indexes for table `queue_types`
--
ALTER TABLE `queue_types`
  ADD PRIMARY KEY (`id`);

--
-- Indexes for table `system_settings`
--
ALTER TABLE `system_settings`
  ADD PRIMARY KEY (`id`);

--
-- AUTO_INCREMENT for dumped tables
--

--
-- AUTO_INCREMENT for table `admin_users`
--
ALTER TABLE `admin_users`
  MODIFY `id` int(11) NOT NULL AUTO_INCREMENT, AUTO_INCREMENT=2;

--
-- AUTO_INCREMENT for table `case_roles`
--
ALTER TABLE `case_roles`
  MODIFY `id` int(11) NOT NULL AUTO_INCREMENT, AUTO_INCREMENT=9;

--
-- AUTO_INCREMENT for table `counters`
--
ALTER TABLE `counters`
  MODIFY `id` int(11) NOT NULL AUTO_INCREMENT, AUTO_INCREMENT=28;

--
-- AUTO_INCREMENT for table `departments`
--
ALTER TABLE `departments`
  MODIFY `id` int(11) NOT NULL AUTO_INCREMENT, AUTO_INCREMENT=13;

--
-- AUTO_INCREMENT for table `display_configs`
--
ALTER TABLE `display_configs`
  MODIFY `id` int(11) NOT NULL AUTO_INCREMENT, AUTO_INCREMENT=7;

--
-- AUTO_INCREMENT for table `personnel`
--
ALTER TABLE `personnel`
  MODIFY `id` int(11) NOT NULL AUTO_INCREMENT, AUTO_INCREMENT=10;

--
-- AUTO_INCREMENT for table `queues`
--
ALTER TABLE `queues`
  MODIFY `id` bigint(20) NOT NULL AUTO_INCREMENT, AUTO_INCREMENT=134;

--
-- AUTO_INCREMENT for table `queue_logs`
--
ALTER TABLE `queue_logs`
  MODIFY `id` bigint(20) NOT NULL AUTO_INCREMENT, AUTO_INCREMENT=537;

--
-- AUTO_INCREMENT for table `queue_types`
--
ALTER TABLE `queue_types`
  MODIFY `id` int(11) NOT NULL AUTO_INCREMENT, AUTO_INCREMENT=23;

--
-- AUTO_INCREMENT for table `system_settings`
--
ALTER TABLE `system_settings`
  MODIFY `id` int(11) NOT NULL AUTO_INCREMENT, AUTO_INCREMENT=2;

--
-- Constraints for dumped tables
--

--
-- Constraints for table `counters`
--
ALTER TABLE `counters`
  ADD CONSTRAINT `counters_ibfk_1` FOREIGN KEY (`department_id`) REFERENCES `departments` (`id`);

--
-- Constraints for table `queues`
--
ALTER TABLE `queues`
  ADD CONSTRAINT `queues_ibfk_1` FOREIGN KEY (`type_id`) REFERENCES `queue_types` (`id`),
  ADD CONSTRAINT `queues_ibfk_2` FOREIGN KEY (`role_id`) REFERENCES `case_roles` (`id`),
  ADD CONSTRAINT `queues_ibfk_3` FOREIGN KEY (`current_department_id`) REFERENCES `departments` (`id`),
  ADD CONSTRAINT `queues_ibfk_4` FOREIGN KEY (`current_counter_id`) REFERENCES `counters` (`id`);

--
-- Constraints for table `queue_logs`
--
ALTER TABLE `queue_logs`
  ADD CONSTRAINT `queue_logs_ibfk_1` FOREIGN KEY (`queue_id`) REFERENCES `queues` (`id`),
  ADD CONSTRAINT `queue_logs_ibfk_2` FOREIGN KEY (`personnel_id`) REFERENCES `personnel` (`id`);
COMMIT;

/*!40101 SET CHARACTER_SET_CLIENT=@OLD_CHARACTER_SET_CLIENT */;
/*!40101 SET CHARACTER_SET_RESULTS=@OLD_CHARACTER_SET_RESULTS */;
/*!40101 SET COLLATION_CONNECTION=@OLD_COLLATION_CONNECTION */;
